-- phpMyAdmin SQL Dump
-- version 5.1.3
-- https://www.phpmyadmin.net/
--
-- Host: 127.0.0.1
-- Generation Time: May 05, 2022 at 08:13 AM
-- Server version: 10.4.24-MariaDB
-- PHP Version: 7.4.29

SET SQL_MODE = "NO_AUTO_VALUE_ON_ZERO";
START TRANSACTION;
SET time_zone = "+00:00";


/*!40101 SET @OLD_CHARACTER_SET_CLIENT=@@CHARACTER_SET_CLIENT */;
/*!40101 SET @OLD_CHARACTER_SET_RESULTS=@@CHARACTER_SET_RESULTS */;
/*!40101 SET @OLD_COLLATION_CONNECTION=@@COLLATION_CONNECTION */;
/*!40101 SET NAMES utf8mb4 */;

--
-- Database: `gwa_verifier_c1l_db`
--

-- --------------------------------------------------------

--
-- Table structure for table `committee`
--

CREATE TABLE `committee` (
  `email` varchar(50) NOT NULL,
  `account_made_by` varchar(50) DEFAULT NULL,
  `password` varchar(100) NOT NULL,
  `lastname` varchar(50) NOT NULL,
  `firstname` varchar(50) NOT NULL,
  `middlename` varchar(50) NOT NULL,
  `suffix` varchar(10) NOT NULL
) ENGINE=InnoDB DEFAULT CHARSET=utf8mb4;

-- --------------------------------------------------------

--
-- Table structure for table `committee_student`
--

CREATE TABLE `committee_student` (
  `committee_email` varchar(50) NOT NULL,
  `student_number` int(20) NOT NULL,
  `comments` text NOT NULL
) ENGINE=InnoDB DEFAULT CHARSET=utf8mb4;

-- --------------------------------------------------------

--
-- Table structure for table `degree_curriculums`
--

CREATE TABLE `degree_curriculums` (
  `degree_id` int(50) NOT NULL,
  `degree_name` varchar(50) NOT NULL,
  `degree_nickname` varchar(30) NOT NULL,
  `old_new` varchar(20) NOT NULL,
  `major` varchar(30) NOT NULL,
  `major_units` int(20) NOT NULL,
  `options` varchar(50) NOT NULL,
  `ge_electives_units` int(20) NOT NULL,
  `electives_units` int(20) NOT NULL,
  `recommended_units` int(20) NOT NULL
) ENGINE=InnoDB DEFAULT CHARSET=utf8mb4;

--
-- Dumping data for table `degree_curriculums`
--

INSERT INTO `degree_curriculums` (`degree_id`, `degree_name`, `degree_nickname`, `old_new`, `major`, `major_units`, `options`, `ge_electives_units`, `electives_units`, `recommended_units`) VALUES
(1, 'BA Communication Arts', 'BACA', 'New', '', 0, '', 0, 0, 145),
(2, 'BA Communication Arts', 'BACA', 'New', 'Speech Communication', 0, '', 0, 0, 145),
(3, 'BA Communication Arts', 'BACA', 'New', 'Writing', 0, '', 0, 0, 145),
(4, 'BA Communication Arts', 'BACA', 'New', 'Theater Arts', 0, '', 0, 0, 145),
(5, 'BA Philosophy', 'BAPHLO', 'New', '', 0, '', 0, 0, 132),
(6, 'BA Sociology', 'BASOCIO', 'New', '', 0, '', 0, 0, 136),
(7, 'BS Applied Mathematics', 'BSAMAT', 'New', '', 0, '', 0, 0, 131),
(8, 'BS Applied Physics', 'BSAPHY', 'New', '', 0, '', 9, 21, 143),
(9, 'BS Biology', 'BSBIO', 'New', '', 24, '', 9, 9, 143),
(10, 'BS Biology', 'BSBIO', 'New', 'Cell and Molecular Biology', 24, '', 9, 9, 143),
(11, 'BS Biology', 'BSBIO', 'New', 'Ecology', 24, '', 9, 9, 143),
(12, 'BS Biology', 'BSBIO', 'New', 'Genetics', 24, '', 9, 9, 143),
(13, 'BS Biology', 'BSBIO', 'New', 'Microbiology', 24, '', 9, 9, 143),
(14, 'BS Biology', 'BSBIO', 'New', 'Plant Biology', 24, '', 9, 9, 143),
(15, 'BS Biology', 'BSBIO', 'New', 'Systematics', 24, '', 9, 9, 143),
(16, 'BS Biology', 'BSBIO', 'New', 'Wildlife Biology', 24, '', 9, 9, 143),
(17, 'BS Biology', 'BSBIO', 'New', 'Zoology', 24, '', 9, 9, 143),
(18, 'BS Chemistry', 'BSCHEM', 'New', '', 0, '', 9, 9, 142),
(19, 'BS Computer Science', 'BSCS', 'New', '', 0, '', 9, 0, 130),
(20, 'BS Mathematics', 'BSMATH', 'New', '', 0, '', 9, 0, 131),
(21, 'BS Mathematics & Science Teaching', 'BSMST', 'New', '', 0, '', 0, 0, 0),
(22, 'BS Mathematics & Science Teaching', 'BSMST', 'New', 'Biology', 0, '', 9, 0, 141),
(23, 'BS Mathematics & Science Teaching', 'BSMST', 'New', 'Chemistry', 0, '', 9, 0, 140),
(24, 'BS Mathematics & Science Teaching', 'BSMST', 'New', 'Mathematics', 0, '', 9, 0, 142),
(25, 'BS Mathematics & Science Teaching', 'BSMST', 'New', 'Physics', 0, '', 9, 0, 140),
(26, 'BS Statistics', 'BSSTAT', 'New', '', 0, '', 0, 0, 143),
(27, 'BS Agricultural Chemistry', 'BSAGCHEM', 'New', '', 0, '', 0, 0, 190),
(28, 'BA Communication Arts', 'BACA', 'Old', '', 0, '', 0, 0, 141),
(29, 'BA Communication Arts', 'BACA', 'Old', 'Speech Communication', 0, '', 0, 0, 141),
(30, 'BA Communication Arts', 'BACA', 'Old', 'Writing', 0, '', 0, 0, 141),
(31, 'BA Communication Arts', 'BACA', 'Old', 'Theater Arts', 0, '', 0, 0, 141),
(32, 'BA Philosophy', 'BAPHLO', 'Old', '', 0, '', 0, 0, 0),
(33, 'BA Sociology', 'BASOCIO', 'Old', '', 0, '', 0, 0, 0),
(34, 'BS Applied Mathematics', 'BSAMAT', 'Old', '', 0, '', 0, 0, 145),
(35, 'BS Applied Physics', 'BSAPHY', 'Old', '', 0, '', 27, 9, 0),
(36, 'BS Biology', 'BSBIO', 'Old', '', 0, '', 0, 0, 153),
(37, 'BS Biology', 'BSBIO', 'Old', 'Cell and Molecular Biology', 0, '', 0, 0, 153),
(38, 'BS Biology', 'BSBIO', 'Old', 'Ecology', 0, '', 0, 0, 153),
(39, 'BS Biology', 'BSBIO', 'Old', 'Genetics', 0, '', 0, 0, 153),
(40, 'BS Biology', 'BSBIO', 'Old', 'Microbiology', 0, '', 0, 0, 153),
(41, 'BS Biology', 'BSBIO', 'Old', 'Plant Biology', 0, '', 0, 0, 153),
(42, 'BS Biology', 'BSBIO', 'Old', 'Systematics', 0, '', 0, 0, 153),
(43, 'BS Biology', 'BSBIO', 'Old', 'Wildlife Biology and Zoology', 0, '', 0, 0, 153),
(44, 'BS Chemistry', 'BSCHEM', 'Old', '', 0, '', 0, 0, 160),
(45, 'BS Computer Science', 'BSCS', 'Old', '', 0, '', 0, 0, 141),
(46, 'BS Mathematics', 'BSMATH', 'Old', '', 0, '', 0, 0, 139),
(47, 'BS Mathematics and Science Teaching', 'BSMST', 'Old', '', 0, '', 0, 0, 0),
(48, 'BS Mathematics and Science Teaching', 'BSMST', 'Old', 'Mathematics', 0, '', 0, 0, 144),
(49, 'BS Mathematics and Science Teaching', 'BSMST', 'Old', 'Biology', 0, '', 0, 0, 146),
(50, 'BS Mathematics and Science Teaching', 'BSMST', 'Old', 'Chemistry', 0, '', 0, 0, 145),
(51, 'BS Mathematics and Science Teaching', 'BSMST', 'Old', 'Physics', 0, '', 0, 0, 141),
(52, 'BS Statistics', 'BSSTAT', 'Old', '', 0, '', 0, 0, 149),
(53, 'BS Agricultural Chemistry', 'BSAGCHEM', 'Old', '', 0, '', 0, 0, 194),
(54, 'BS Applied Physics', 'BSAPHY', 'Old', 'Computational Physics', 0, '', 0, 0, 0),
(55, 'BS Applied Physics', 'BSAPHY', 'Old', 'Experimental Physics', 0, '', 0, 0, 0),
(56, 'BS Applied Physics', 'BSAPHY', 'Old', 'Instrumentation Physics', 0, '', 0, 0, 0),
(57, 'BS Computer Science', 'BSCS', 'New', '', 0, 'SP', 9, 18, 130),
(58, 'BS Computer Science', 'BSCS', 'New', '', 0, 'Thesis', 9, 15, 130),
(59, 'BS Mathematics', 'BSMATH', 'New', '', 0, 'SP', 9, 18, 131),
(60, 'BS Mathematics', 'BSMATH', 'New', '', 0, 'Thesis', 9, 15, 131),
(61, 'BS Agricultural Chemistry', 'BSAGCHEM', 'New', 'Animal Science', 15, '', 12, 0, 190),
(62, 'BS Agricultural Chemistry', 'BSAGCHEM', 'New', 'Entomology', 15, '', 12, 0, 190),
(63, 'BS Agricultural Chemistry', 'BSAGCHEM', 'New', 'Plant Pathology', 15, '', 12, 0, 190),
(64, 'BS Agricultural Chemistry', 'BSAGCHEM', 'New', 'Weed Science', 15, '', 12, 0, 190),
(65, 'BS Agricultural Chemistry', 'BSAGCHEM', 'New', 'Plant Physiology', 15, '', 12, 0, 190),
(66, 'BS Agricultural Chemistry', 'BSAGCHEM', 'New', 'Soil Science', 15, '', 12, 0, 190),
(67, 'BS Agricultural Chemistry', 'BSAGCHEM', 'New', 'Food Science', 15, '', 12, 0, 190),
(68, 'BS Agricultural Chemistry', 'BSAGCHEM', 'New', 'Agricultural Biotechnology', 15, '', 12, 0, 190);
-- --------------------------------------------------------

--
-- Table structure for table `electives`
--

CREATE TABLE `electives` (
  `course_number` varchar(50) NOT NULL,
  `course_name` varchar(50) NOT NULL,
  `general_or_free` varchar(50) NOT NULL,
  `number_units` int(20) NOT NULL
) ENGINE=InnoDB DEFAULT CHARSET=utf8mb4;

-- --------------------------------------------------------

--
-- Table structure for table `student`
--

CREATE TABLE `student` (
  `student_number` int(20) NOT NULL,
  `lastname` varchar(50) NOT NULL,
  `firstname` varchar(50) NOT NULL,
  `middlename` varchar(50) DEFAULT NULL,
  `suffix` varchar(10) DEFAULT NULL,
  `degree_program` varchar(50) NOT NULL,
  `recommended_number_units` int(20) NOT NULL,
  `credited_units` int(20) NOT NULL,
  `gwa` float NOT NULL,
  `status` varchar(20) DEFAULT NULL
) ENGINE=InnoDB DEFAULT CHARSET=utf8mb4;

--
-- Dumping data for table `student`
--

INSERT INTO `student` (`student_number`, `lastname`, `firstname`, `middlename`, `suffix`, `degree_program`, `recommended_number_units`, `credited_units`, `gwa`, `status`) VALUES
(201901234, 'MAKILING', 'MARIA', NULL, NULL, 'BACA', 144, 146, 1.74486, 'UNVERIFIED');

-- --------------------------------------------------------

--
-- Table structure for table `student_record`
--

CREATE TABLE `student_record` (
  `id` int(50) NOT NULL,
  `student_number` int(20) NOT NULL,
  `course_number` varchar(20) NOT NULL,
  `grade` varchar(30) NOT NULL,
  `units` varchar(50) NOT NULL,
  `enrolled` float NOT NULL,
  `running_total` double NOT NULL,
  `term` text NOT NULL
) ENGINE=InnoDB DEFAULT CHARSET=utf8mb4;

--
-- Dumping data for table `student_record`
--

INSERT INTO `student_record` (`id`, `student_number`, `course_number`, `grade`, `units`, `enrolled`, `running_total`, `term`) VALUES
(1, 201501234, 'ENG 1(AH)', '2', '3', 6, 6, 'I/15/16'),
(2, 201501234, 'FIL 20', '2.25', '3', 6.75, 12.75, 'I/15/16'),
(3, 201501234, 'IT 1(MST)', '2', '3', 6, 18.75, 'I/15/16'),
(4, 201501234, 'PE 1', '2', '0', 0, 18.75, 'I/15/16'),
(5, 201501234, 'PHLO1(SSP)', '1.75', '3', 5.25, 24, 'I/15/16'),
(6, 201501234, 'PSY 1(SSP)', '1.75', '3', 5.25, 29.25, 'I/15/16'),
(7, 201501234, 'SPCM 1(AH)', '1.75', '3', 5.25, 34.5, 'I/15/16'),
(8, 201501234, 'ENG 2(AH)', '1.5', '3', 4.5, 39, 'II/15/16'),
(9, 201501234, 'HUM 1(AH)', '1.5', '3', 4.5, 43.5, 'II/15/16'),
(10, 201501234, 'HUM 2(AH)', '1.5', '3', 4.5, 48, 'II/15/16'),
(11, 201501234, 'MATH1(MST)', '2', '3', 6, 54, 'II/15/16'),
(12, 201501234, 'MATH2(MST)', '2', '3', 6, 60, 'II/15/16'),
(13, 201501234, 'SOSC1(SSP)', '2.5', '3', 7.5, 67.5, 'II/15/16'),
(14, 201501234, 'COMA 101', '1.25', '3', 3.75, 71.25, 'I/16/17'),
(15, 201501234, 'ENG 4', '2', '3', 6, 77.25, 'I/16/17'),
(16, 201501234, 'JAP 10', '1.75', '3', 5.25, 82.5, 'I/16/17'),
(17, 201501234, 'MATH 17', '1.75', '5', 8.75, 91.25, 'I/16/17'),
(18, 201501234, 'NASC3(MST)', '2', '3', 6, 97.25, 'I/16/17'),
(19, 201501234, 'NSTP 1', '1.75', '0', 0, 97.25, 'I/16/17'),
(20, 201501234, 'SPCM 102', '1.75', '3', 5.25, 102.5, 'I/16/17'),
(21, 201501234, 'COMA 104', '1.25', '3', 3.75, 106.25, 'II/16/17'),
(22, 201501234, 'FIL 21', '2', '3', 6, 112.25, 'II/16/17'),
(23, 201501234, 'JAP 11', '1.75', '3', 5.25, 117.5, 'II/16/17'),
(24, 201501234, 'MGT 101', '1.5', '3', 4.5, 122, 'II/16/17'),
(25, 201501234, 'SOC 130', '2.25', '3', 6.75, 128.75, 'II/16/17'),
(26, 201501234, 'STAT 1', '1.75', '3', 5.25, 134, 'II/16/17'),
(27, 201501234, 'ENG 101', '2', '3', 6, 140, 'I/17/18'),
(28, 201501234, 'COMA 192', '1', '3', 3, 143, 'I/17/18'),
(30, 201501234, 'HUM 150', '1.75', '3', 5.25, 154.25, 'I/17/18'),
(31, 201501234, 'PE 2', '5', '0', 0, 154.25, 'I/17/18'),
(32, 201501234, 'PI 10(SSP)', '2.25', '3', 6.75, 161, 'I/17/18'),
(33, 201501234, 'THEA 107', '1', '3', 3, 164, 'I/17/18'),
(34, 201501234, 'ENG 103', '2', '3', 6, 170, 'II/17/18'),
(35, 201501234, 'ENG 104', '2.25', '3', 6.75, 176.75, 'II/17/18'),
(36, 201501234, 'HUM 170', '2', '3', 6, 182.75, 'II/17/18'),
(37, 201501234, 'NSTP 2', '1.25', '0', 0, 182.75, 'II/17/18'),
(38, 201501234, 'PHLO 184', '2', '3', 6, 188.75, 'II/17/18'),
(39, 201501234, 'SOC 112', '1.75', '3', 5.25, 194, 'II/17/18'),
(40, 201501234, 'COMA 193', '1.75', '3', 5.25, 199.25, 'I/18/19'),
(41, 201501234, 'COMA 200', 'S', '3', 0, 199.25, 'I/18/19'),
(42, 201501234, 'ENG 5', '1.75', '3', 5.25, 204.5, 'I/18/19'),
(43, 201501234, 'HK 12', '2.25', '0', 0, 204.5, 'l/18/19'),
(44, 201501234, 'SPCM 101', '1.5', '3', 4.5, 209, 'l/18/19'),
(45, 201501234, 'SPCM 104', '2.75', '3', 8.25, 217.25, 'l/18/19'),
(46, 201501234, 'ENG 156', '1.5', '3', 4.5, 221.75, 'll/18/19'),
(47, 201501234, 'ENG 155', '1.25', '3', 3.75, 225.5, 'll/18/19'),
(48, 201501234, 'ENG 102', '1', '3', 3, 228.5, 'll/18/19'),
(49, 201501234, 'ETHICS 1', '1.75', '3', 5.25, 233.75, 'll/18/19'),
(50, 201501234, 'STS 1', '1.75', '3', 5.25, 239, 'll/18/19'),
(51, 201501234, 'COMA 200', 'S', '3', 0, 239, 'l/19/20'),
(52, 201501234, 'ENG 152', '1.25', '3', 3.75, 242.75, 'l/19/20'),
(53, 201501234, 'HK 12', '2.75', '0', 0, 242.75, 'l/19/20'),
(54, 201501234, 'HK 12', '2.25', '0', 0, 242.75, 'l/19/20'),
(55, 201501234, 'THEA 101', '2', '3', 6, 248.75, 'l/19/20'),
(56, 201501234, 'COMA 200', '1', '(1)6', 6, 254.75, 'll/19/20');

-- --------------------------------------------------------

--
-- Table structure for table `subjects`
--

CREATE TABLE `subjects` (
  `course_name` varchar(80) NOT NULL,
  `degree_id` int(50) NOT NULL,
  `course_number` varchar(30) NOT NULL,
  `required_choice` varchar(50) NOT NULL,
  `number_units` int(20) NOT NULL
) ENGINE=InnoDB DEFAULT CHARSET=utf8mb4;

--
-- Dumping data for table `subjects`
--

INSERT INTO `subjects` (`course_name`, `degree_id`, `course_number`, `required_choice`, `number_units`) VALUES
('Critical Perspectives in the Arts', 1, 'ARTS 1', '', 3),
('Language and Communication', 1, 'COMA 101', '', 3),
('Language and Culture', 1, 'COMA 102', '', 3),
('Introduction to Discourse Analysis', 1, 'COMA 103', '', 3),
('Principles of Public Relations and Advertising', 1, 'COMA 105', '', 3),
('Workplace Communication', 1, 'COMA 150', '', 3),
('Special Problems', 1, 'COMA 190', '', 3),
('Introduction to Research', 1, 'COMA 192', '', 3),
('Workshop', 1, 'COMA 193', '', 3),
('Undergraduate Seminar', 1, 'COMA 199', '', 1),
('Undergraduate Thesis', 1, 'COMA 200', '', 3),
('Practicum', 1, 'COMA 200a', '', 3),
('Critical Perspectives in Communication', 1, 'COMM 10', '', 3),
('Rereading the Literary Canons', 1, 'ENG 100', '', 3),
('English Prose Styles', 1, 'ENG 101', '', 3),
('Argumentative Writing', 1, 'ENG 104', '', 3),
('Ethics and Moral Reasoning in Everyday Life', 1, 'ETHICS 1', '', 3),
('Philippine History', 1, 'HIST 1', '', 3),
('Wellness and Basic Injury Management', 1, 'HK 11', '', 0),
('Human Kinetics Activities', 1, 'HK 12', '', 0),
('Advanced Human Kinetics Activities', 1, 'HK 13', '', 0),
('Critical Theories', 1, 'HUM 100', '', 3),
('Visual Culture', 1, 'HUM 101', '', 3),
('New Media Art', 1, 'HUM 102', '', 3),
('Culture and Arts Management', 1, 'HUM 104', '', 3),
('Philippine Art and Society', 1, 'HUM 170', '', 3),
('Kasaysayan ng Pilipinas', 1, 'KAS 1', '', 3),
('National Service Training Program I', 1, 'NSTP 1', '', 0),
('National Service Training Program II', 1, 'NSTP 2', '', 0),
('The Life and Works of Jose Rizal', 1, 'PI 10', '', 3),
('Rhetoric', 1, 'SPCM 101', '', 3),
('Voice and Diction', 1, 'SPCM 102', '', 3),
('Occasional Speeches', 1, 'SPCM 104', '', 3),
('Science, Technology, and Society', 1, 'STS 1', '', 3),
('History of the Theatre', 1, 'THEA 101', '', 3),
('Theatre Communication', 1, 'THEA 102', '', 3),
('Philippine Theatre', 1, 'THEA 103', '', 3),
('Oral Interpretation', 2, 'SPCM 151', '', 3),
('Philippine Public Address', 2, 'SPCM 152', '', 3),
('Group Discussion and Leadership', 2, 'SPCM 153', '', 3),
('Communication in Public Relations', 2, 'SPCM 154', '', 3),
('Rhetorical Criticism', 2, 'SPCM 155', '', 3),
('Speech Communication Strategies for Classroom Instruction', 2, 'SPCM 156', '', 3),
('Speech Making and Evaluation', 2, 'SPCM 157', '', 3),
('Speech Communication in Conflict Resolution', 2, 'SPCM 158', '', 3),
('Nonverbal Communication', 2, 'SPCM 159', '', 3),
('Critical Writing', 3, 'ENG 151', '', 3),
('Creative Writing', 3, 'ENG 152', '', 3),
('Philippine Literature in English', 3, 'ENG 153', '', 3),
('Science and Technology in Literature', 3, 'ENG 154', '', 3),
('Writing Creative Nonfiction', 3, 'ENG 155', '', 3),
('Mythology and Folklore', 3, 'ENG 156', '', 3),
('Reading Young Adult Narratives', 3, 'ENG 157', '', 3),
('Playwriting', 3, 'ENG 158', '', 3),
('Ang Pagsulat ng Kwentong Popular', 3, 'FIL 150', '', 3),
('Teorya at Praktika ng Pagsasalin', 3, 'FIL 155', '', 3),
('Acting', 4, 'THEA 151', '', 3),
('Directing', 4, 'THEA 152', '', 3),
('Asian Theater', 4, 'THEA 153', '', 3),
('Drama for Children', 4, 'THEA 154', '', 3),
('Theater Space and Stage Design', 4, 'THEA 155', '', 3),
('The Dynamics and Aesthetics of Community Theater', 4, 'THEA 156', '', 3),
('Play Production', 4, 'THEA 157', '', 3),
('Critical Perspectives in the Arts', 5, 'ARTS 1', '', 3),
('Critical Perspectives in Communication', 5, 'COMM 10', '', 3),
('General Economics', 5, 'ECON 11', '', 3),
('Ethics and Moral Reasoning in Everyday Life', 5, 'ETHICS 1', '', 3),
('Philippine History', 5, 'HIST 1', '', 3),
('Wellness and Basic Injury Management', 5, 'HK 11', '', 0),
('Human Kinetics Activities', 5, 'HK 12', '', 0),
('Advanced Human Kinetics Activities', 5, 'HK 13', '', 0),
('Kasaysayan ng Pilipinas', 5, 'KAS 1', '', 3),
('National Service Training Program I', 5, 'NSTP 1', '', 0),
('National Service Training Program II', 5, 'NSTP 2', '', 0),
('Fundamental Approaches to Philosophy', 5, 'PHLO 11', '', 3),
('Ancient Philosophy', 5, 'PHLO 110', '', 3),
('Medieval Philosophy', 5, 'PHLO 111', '', 3),
('Modern Philosophy', 5, 'PHLO 112', '', 3),
('Contemporary Philosophy', 5, 'PHLO 113', '', 3),
('Logic', 5, 'PHLO 12', '', 3),
('Philosophical Reasoning', 5, 'PHLO 120', '', 3),
('Epistemology', 5, 'PHLO 150', '', 3),
('Philosophy of Science', 5, 'PHLO 160', '', 3),
('Ethics', 5, 'PHLO 171', '', 3),
('Practical Ethics', 5, 'PHLO 173', '', 3),
('Biomedical Ethics', 5, 'PHLO 174', '', 3),
('Social and Political Philosophy', 5, 'PHLO 176', '', 3),
('Environmental Ethics', 5, 'PHLO 178', '', 3),
('Aesthetics', 5, 'PHLO 181', '', 3),
('Philosophy and Semiotics', 5, 'PHLO 182', '', 3),
('Feminist Philosophy', 5, 'PHLO 184', '', 3),
('Critical Perspectives in Filipino Philosophy', 5, 'PHLO 185', '', 3),
('Philosophy of Language', 5, 'PHLO 195', '', 3),
('Philosophic Problems', 5, 'PHLO 197', '', 3),
('The Life and Works of Jose Rizal', 5, 'PI 10', '', 3),
('Principles of Government and Politics', 5, 'POSC 10', '', 3),
('Readings in Speculative Thought', 5, 'SPEC', '', 3),
('Science, Technology, and Society', 5, 'STS 1', '', 3),
('Rural Sociology', 6, 'AERS 160', '', 3),
('Introduction to Social and Cultural Anthropology', 6, 'ANTH 10', '', 3),
('Critical Perspectives in the Arts', 6, 'ARTS 1', '', 3),
('Critical Perspectives in Communication', 6, 'COMM 10', '', 3),
('General Economics', 6, 'ECON 11', '', 3),
('Ethics and Moral Reasoning in Everyday Life', 6, 'ETHICS 1', '', 3),
('Philippine History', 6, 'HIST 1', '', 3),
('Introduction to History', 6, 'HIST 10', '', 3),
('Wellness and Basic Injury Management', 6, 'HK 11', '', 0),
('Human Kinetics Activities', 6, 'HK 12', '', 0),
('Advanced Human Kinetics Activities', 6, 'HK 13', '', 0),
('Kasaysayan ng Pilipinas', 6, 'KAS 1', '', 3),
('National Service Training Program I', 6, 'NSTP 1', '', 0),
('National Service Training Program II', 6, 'NSTP 2', '', 0),
('The Life and Works of Jose Rizal', 6, 'PI 10', '', 3),
('Principles of Government and Politics', 6, 'POSC 10', '', 3),
('Foundations of Psychology', 6, 'PSY 10', '', 3),
('General Principles of Sociology', 6, 'SOC 10', '', 3),
('Social Organization', 6, 'SOC 100', '', 3),
('Gender Relations', 6, 'SOC 107', '', 3),
('Sociology of the Family', 6, 'SOC 110', '', 3),
('Sociology of Politics', 6, 'SOC 112', '', 3),
('Sociology of Economic Life', 6, 'SOC 114', '', 3),
('Sociology of Religion', 6, 'SOC 116', '', 3),
('Urban Sociology', 6, 'SOC 120', '', 3),
('Social Psychology', 6, 'SOC 130', '', 3),
('Attitudes and Persuasion', 6, 'SOC 135', '', 3),
('Introduction to Demography', 6, 'SOC 140', '', 3),
('Classical Sociological Theories', 6, 'SOC 151', '', 3),
('Contemporary Sociological Theories', 6, 'SOC 152', '', 3),
('Social Change', 6, 'SOC 160', '', 3),
('Sociology of Development', 6, 'SOC 165', '', 3),
('Social Program Evaluation', 6, 'SOC 166', '', 3),
('Social Problems', 6, 'SOC 170', '', 3),
('Deviance', 6, 'SOC 175', '', 3),
('Collective Behavior', 6, 'SOC 180', '', 3),
('Special Topics', 6, 'SOC 191', '', 3),
('Introduction to Qualitative Social Research', 6, 'SOC 192', '', 3),
('Research Methodologies in the Social Sciences', 6, 'SOC 195', '', 2),
('Research Methodologies in the Social Sciences Laboratory', 6, 'SOC 195.1', '', 1),
('Internship', 6, 'SOC 198', '', 3),
('Undergraduate Seminar', 6, 'SOC 199', '', 1),
('Undergraduate Thesis', 6, 'SOC 200', '', 3),
('Statistics for Social Sciences', 6, 'STAT 166', '', 3),
('Science, Technology, and Society', 6, 'STS 1', '', 3),
('Programming in Physics', 8, 'APHY 10.1', '', 1),
('Physic of Scientific Instruments', 8, 'APHY 101', '', 3),
('Physics of Electronic Devices', 8, 'APHY 102', '', 3),
('Special Topics', 8, 'APHY 191', '', 3),
('Undergraduate Seminar', 8, 'APHY 199', '', 1),
('Undergraduate Thesis', 8, 'APHY 200', '', 3),
('Critical Perspective in Arts', 8, 'ARTS 1', '', 3),
('University Chemistry', 8, 'CHEM 18', '', 3),
('University Chemistry lab', 8, 'CHEM 18.1', '', 2),
('Workplace Communication', 8, 'COMA 150', '', 3),
('Critical Perspectives in Communication', 8, 'COMM 10', '', 3),
('Ethics and Moral Reasoning', 8, 'ETHICS 1', '', 3),
('Philippine History', 8, 'HIST 1', '', 3),
('Wellness and Basic Injury Management', 8, 'HK 11', '', 0),
('Human Kinetics Activities', 8, 'HK 12', '', 0),
('Advanced Human Kinetics Activities', 8, 'HK 13', '', 0),
('Kasaysayan ng Pilipinas', 8, 'KAS 1', '', 3),
('Analytic Geometry and Calculus II', 8, 'MATH 27', '', 3),
('Analytic Geometry and Calculus III', 8, 'MATH 28', '', 3),
('National Service Training Program', 8, 'NSTP 1', '', 0),
('Newtonian Mechanics', 8, 'PHYS 101', '', 4),
('Electromagnetism and Optics', 8, 'PHYS 102', '', 4),
('Mechanical Waves, Optics and Thermodynamics', 8, 'PHYS 103', '', 4),
('Modern Physics', 8, 'PHYS 104', '', 4),
('Mathematical Methods of Physics I', 8, 'PHYS 111', '', 4),
('Mathematical Methods of Physics II', 8, 'PHYS 112', '', 4),
('Mathematical Methods of Physics III', 8, 'PHYS 113', '', 4),
('Computational Physics', 8, 'PHYS 115', '', 4),
('Theoretical Mechanics I', 8, 'PHYS 121', '', 3),
('Theoretical Mechanics II', 8, 'PHYS 122', '', 3),
('Electromagnetic Theory I', 8, 'PHYS 131', '', 3),
('Electromagnetic Theory II', 8, 'PHYS 132', '', 3),
('Quantum Physics I', 8, 'PHYS 141', '', 3),
('Quantum Physics II', 8, 'PHYS 142', '', 3),
('Statistical Physics I', 8, 'PHYS 151', '', 3),
('Optical Physics', 8, 'PHYS 165', '', 3),
('Experimental Physics I', 8, 'PHYS 192.1', '', 2),
('Research Methods in Physics', 8, 'PHYS 195', '', 3),
('The Life and Works of Jose Rizal', 8, 'PI 10', '', 3),
('Science, Technology and Society', 8, 'STS 1', '', 3),
('Foundations of Entrepreneurship', 9, 'ABME 10', '', 3),
('Critical Perspective in the Arts', 9, 'ARTS 1', '', 3),
('Introductory Molecular Biology', 9, 'BIO 101', '', 3),
('Investigative Biology Laboratory', 9, 'BIO 11.1', '', 2),
('Cell Biology', 9, 'BIO 120', '', 3),
('Developmental Biology', 9, 'BIO 127', '', 3),
('Biodiversity', 9, 'BIO 14', '', 5),
('Evolutionary Biology', 9, 'BIO 140', '', 3),
('Principles of Systemic Biology', 9, 'BIO 142', '', 3),
('Ecology', 9, 'BIO 150', '', 4),
('Research Methods in the Biological Sciences', 9, 'BIO 195', '', 3),
('Practicum', 9, 'BIO 198', '', 3),
('Undergraduate Seminar', 9, 'BIO 199', '', 1),
('Undergraduate Thesis', 9, 'BIO 200', '', 3),
('Genetics', 9, 'BIO 30', '', 3),
('University Botany', 9, 'BOT 14', '', 3),
('Introductory Biochemistry', 9, 'CHEM 160', '', 3),
('Introductory Biochemistry Lab', 9, 'CHEM 160.1', '', 2),
('University Chemistry', 9, 'CHEM 18', '', 3),
('University Chemistry Laboratory', 9, 'CHEM 18.1', '', 2),
('Basic Organic Chemistry', 9, 'CHEM 40', '', 4),
('Basic Organic Chemistry Laboratory', 9, 'CHEM 40.1', '', 1),
('Workplace Communication', 9, 'COMA 150', '', 3),
('Critical Perspectives in Communication', 9, 'COMM 10', '', 3),
('Ethics and Moral Reasoning in Everyday Life', 9, 'ETHICS 1', '', 3),
('Philippine History', 9, 'HIST 1', '', 3),
('Wellness and Basic Injury Management', 9, 'HK 11', '', 0),
('Human Kinetics Activities', 9, 'HK 12', '', 0),
('Advanced Human Kinetics Activities', 9, 'HK 13', '', 0),
('Kasaysayan ng Pilipinas', 9, 'KAS 1', '', 3),
('Fundamental Calculus', 9, 'MATH 25', '', 3),
('Biology and Applications of Microorganisms', 9, 'MCB 11', '', 3),
('National Service Training Program', 9, 'NSTP 1', '', 0),
('National Service Training Program', 9, 'NSTP 2', '', 0),
('Elements of Physics', 9, 'PHYS 51', '', 4),
('Elements of Physics Laboratory', 9, 'PHYS 51.1', '', 1),
('The Life and Works of Jose Rizal', 9, 'PI 10', '', 3),
('Statistics for the Biological Sciences', 9, 'STAT 164', '', 3),
('Science, Technology, and Society', 9, 'STS 1', '', 3),
('University Zoology', 9, 'ZOO 14', '', 3),
('Principles of Cell and Molecular Biology Techniques', 10, 'BIO 125', 'Required', 3),
('Intermediate Genetics I', 10, 'BIO 130a', 'Required', 3),
('Intermediate Genetics II', 10, 'BIO 130b', 'Other', 3),
('Cytogenetics', 10, 'BIO 131', 'Other', 3),
('Introduction to Genomics and Bioinformatics', 10, 'BIO 134', 'Other', 3),
('Molecular Genetics', 10, 'BIO 138', 'Required', 3),
('Human Genetics', 10, 'BIO 139', 'Other', 3),
('Biological Microtechniques', 10, 'BIO 180', 'Other', 3),
('Special Problem', 10, 'BIO 190', 'Other', 3),
('Special Topic', 10, 'BIO 191', 'Other', 3),
('Insect Genetics', 10, 'BIO/ENT 137', 'Other', 3),
('Phycology', 10, 'BOT 101', 'Other', 3),
('Morphology and Anatomy of Plants', 10, 'BOT 110', 'Other', 3),
('Advanced Plant Physiology', 10, 'BOT 120', 'Other', 3),
('Fundamentals of Plant Physiology', 10, 'BOT 20', 'Required', 3),
('Plant Growth', 10, 'BOT/HORT 132', 'Other', 3),
('Plant Biochemistry', 10, 'CHEM 162', 'Other', 3),
('General Entomology', 10, 'ENT 101', 'Other', 3),
('Insect Physiology', 10, 'ENT 120', 'Other', 3),
('Plant Tissue Culture', 10, 'HORT 133', 'Other', 3),
('Microbial Identification Techniques', 10, 'MCB 101', 'Other', 3),
('General Virology', 10, 'MCB 102', 'Other', 3),
('Introductory Medical Microbiology', 10, 'MCB 103', 'Other', 3),
('Microbial Physiology', 10, 'MCB 120', 'Required', 3),
('Microbial Genetics', 10, 'MCB 130', 'Other', 3),
('General Mycology', 10, 'PPTH 104', 'Other', 3),
('Fundamentals of Immunology', 10, 'VMCB 124', 'Required', 2),
('Comparative Vertebrate Anatomy', 10, 'ZOO 113', 'Other', 5),
('Animal Histology', 10, 'ZOO 115', 'Other', 3),
('Developmental Zoology', 10, 'ZOO 117', 'Other', 3),
('Animal Physiology', 10, 'ZOO 120', 'Required', 5),
('Introduction to Ecological Agriculture', 11, 'AGRI 121', 'Other', 3),
('Principles of Soil Science', 11, 'AGRI 51', 'Other', 3),
('Principles of Cell and Molecular Biology Techniques', 11, 'BIO 125', 'Other', 3),
('Intermediate Genetics I', 11, 'BIO 130a', 'Other', 3),
('Intermediate Genetics II', 11, 'BIO 130b', 'Other', 3),
('Introduction to Genomics and Bioinformatics', 11, 'BIO 134', 'Other', 3),
('Molecular Genetics', 11, 'BIO 138', 'Other', 3),
('Environmental Management', 11, 'BIO 151', 'Required', 3),
('Biogeography', 11, 'BIO 152', 'Other', 3),
('Cave Ecology', 11, 'BIO 154', 'Other', 3),
('Biology of Pollution', 11, 'BIO 155', 'Required', 3),
('Conservation Biology in the Tropics', 11, 'BIO 159', 'Other', 3),
('Special Problem', 11, 'BIO 190', 'Other', 3),
('Special Topic', 11, 'BIO 191', 'Other', 3),
('Phycology', 11, 'BOT 101', 'Other', 3),
('Advanced Plant Physiology', 11, 'BOT 120', 'Other', 3),
('Systematics of the Spermatophytes', 11, 'BOT 140', 'Other', 3),
('Plant Ecology', 11, 'BOT 150', 'Required', 3),
('Phytogeography', 11, 'BOT 152', 'Other', 3),
('Fundamentals of Plant Physiology', 11, 'BOT 20', 'Other', 3),
('Conservation of Natural Resources', 11, 'CERP 122', 'Other', 3),
('Agro-Industrial Waste Management', 11, 'CHE 180', 'Other', 2),
('General Environmental Chemistry', 11, 'CHEM 180', 'Other', 2),
('Pollution Chemistry', 11, 'CHEM 181', 'Other', 3),
('General Entomology', 11, 'ENT 101', 'Other', 3),
('Insect Taxonomy', 11, 'ENT 140', 'Other', 3),
('Insect Ecology', 11, 'ENT 151', 'Other', 3),
('Forest Biodiversity', 11, 'FBS 101', 'Other', 3),
('Forest Entomology', 11, 'FBS 126', 'Other', 3),
('Fundamentals of Environmental Forest Management', 11, 'FRM 102', 'Other', 3),
('Humans and their Environment', 11, 'HUME 105', 'Other', 3),
('Ecology and Value Systems', 11, 'HUME 110', 'Other', 3),
('Principles of Tropical Water Quality Management', 11, 'LWRE 178', 'Other', 3),
('Microbial Identification Techniques', 11, 'MCB 101', 'Other', 3),
('Microbial Physiology', 11, 'MCB 120', 'Other', 3),
('Microbial Genetics', 11, 'MCB 130', 'Other', 3),
('Microbial Ecology', 11, 'MCB 150', 'Required', 3),
('Introductory Phytobacteriology', 11, 'PPTH 103', 'Other', 3),
('General Mycology', 11, 'PPTH 104', 'Other', 3),
('Introductory Plant Virology', 11, 'PPTH 115', 'Other', 3),
('Fundamentals of Agroforestry', 11, 'SFI 123', 'Other', 3),
('Soil Fertility', 11, 'SOIL 150', 'Other', 3),
('Veterinary Bacteriology and Mycology', 11, 'VMCB 122', 'Other', 3),
('Veterinary Virology', 11, 'VMCB 123', 'Other', 2),
('Fundamentals of Immunology', 11, 'VMCB 124', 'Other', 2),
('Epidemiology', 11, 'VPH 121', 'Other', 3),
('Introduction to Philippine Wildlife', 11, 'WLDL 101', 'Other', 3),
('Principles of Wildlife Management', 11, 'WLDL 105', 'Other', 3),
('Wildlife Ecology', 11, 'WLDL 150', 'Other', 3),
('Techniques of Wildlife Management', 11, 'WLDL 195', 'Other', 3),
('Comparative Vertebrate Anatomy', 11, 'ZOO 113', 'Other', 3),
('Animal Physiology', 11, 'ZOO 120', 'Other', 3),
('Animal Taxonomy', 11, 'ZOO 140', 'Other', 3),
('Invertebrate Zoology', 11, 'ZOO 142', 'Other', 3),
('Herpetology', 11, 'ZOO 145', 'Other', 3),
('Ornithology', 11, 'ZOO 146', 'Other', 3),
('Mammalogy', 11, 'ZOO 148', 'Other', 3),
('Biology of Marine Mammals', 11, 'ZOO 149', 'Other', 3),
('Animal Ecology', 11, 'ZOO 150', 'Required', 3),
('Marine Zoology', 11, 'ZOO 151', 'Other', 5),
('Freshwater Zoology', 11, 'ZOO 152', 'Other', 3),
('Marine Animal Ecology', 11, 'ZOO 153', 'Other', 3),
('General Limnology', 11, 'ZOO 155', 'Other', 3),
('General Malacology', 11, 'ZOO 160', 'Other', 3),
('Introduction to Parasitology', 11, 'ZOO 173', 'Other', 3),
('Experimental Techniques in Agricultural Biotechnology II', 12, 'ABT 104', 'Other', 3),
('Molecular Markers', 12, 'ABT 106', 'Other', 3),
('Recombinant DNA Technology', 12, 'ABT 107', 'Other', 3),
('Methods in Plant Breeding I', 12, 'AGR 150', 'Other', 3),
('Plant Genetic Resources Conservation and Management', 12, 'AGR 160', 'Other', 3),
('Principles of Animal Breeding', 12, 'ANSC 103', 'Other', 3),
('Methods in Animal Breeding', 12, 'ANSC 161', 'Other', 3),
('Principles of Cell and Molecular Biology Techniques', 12, 'BIO 125', 'Other', 3),
('Intermediate Genetics I', 12, 'BIO 130a', 'Required', 3),
('Intermediate Genetics II', 12, 'BIO 130b', 'Required', 3),
('Cytogenetics', 12, 'BIO 131', 'Required', 3),
('Introduction to Genomics and Bioinformatics', 12, 'BIO 134', 'Required', 3),
('Molecular Genetics', 12, 'BIO 138', 'Required', 3),
('Human Genetics', 12, 'BIO 139', 'Other', 3),
('Special Problem', 12, 'BIO 190', 'Other', 3),
('Special Topic', 12, 'BIO 191', 'Other', 3),
('Insect Genetics', 12, 'BIO/ENT 137', 'Other', 3),
('Fundamentals of Plant Physiology', 12, 'BOT 20', 'Other', 3),
('Plant Growth', 12, 'BOT/HORT 132', 'Other', 3),
('Plant Biochemistry', 12, 'CHEM 162', 'Other', 3),
('Principles of Plant Breeding', 12, 'CRSC 105', 'Other', 3),
('Plant Tissue Culture', 12, 'HORT 133', 'Other', 3),
('General Virology', 12, 'MCB 102', 'Other', 3),
('Introductory Medical Microbiology', 12, 'MCB 103', 'Other', 3),
('Microbial Physiology', 12, 'MCB 120', 'Other', 3),
('Microbial Genetics', 12, 'MCB 130', 'Other', 4),
('Principles of Cell and Molecular Biology Techniques', 13, 'BIO 125', 'Other', 3),
('Intermediate Genetics', 13, 'BIO 130a', 'Other', 3),
('Introduction to Genomics and Bioinformatics', 13, 'BIO 134', 'Other', 3),
('Molecular Genetics', 13, 'BIO 138', 'Other', 3),
('Phycology', 13, 'BOT 101', 'Other', 3),
('Food Hygiene and Sanitation', 13, 'FST 166', 'Other', 3),
('Microbial Identification Techniques', 13, 'MCB 101', 'Required', 3),
('General Virology', 13, 'MCB 102', 'Required', 3),
('Introductory Medical Microbiology', 13, 'MCB 103', 'Other', 3),
('Microbial Physiology', 13, 'MCB 120', 'Required', 3),
('Microbial Genetics', 13, 'MCB 130', 'Required', 4),
('Microbial Ecology', 13, 'MCB 150', 'Required', 3),
('Introductory Food Microbiology', 13, 'MCB 180', 'Other', 3),
('Dairy Microbiology', 13, 'MCB 181', 'Other', 3),
('Industrial Microbiology', 13, 'MCB 182', 'Other', 3),
('Industrial Microbiology Laboratory', 13, 'MCB 182.1', 'Other', 2),
('Introductory Phytobacteriology', 13, 'PPTH 103', 'Other', 3),
('General Mycology', 13, 'PPTH 104', 'Required', 3),
('Introductory Plant Virology', 13, 'PPTH 115', 'Other', 3),
('Veterinary Bacteriology and Mycology', 13, 'VMCB 122', 'Other', 3),
('Veterinary Virology', 13, 'VMCB 123', 'Other', 2),
('Fundamentals of Immunology', 13, 'VMCB 124', 'Other', 2),
('Epidemiology', 13, 'VPH 121', 'Other', 3),
('Field Crop Physiology', 14, 'AGR 141', 'Other', 3),
('Fundamentals of Crop Science', 14, 'AGRI 31', 'Other', 3),
('Principles of Soil Science', 14, 'AGRI 51', 'Other', 3),
('Environmental Management', 14, 'BIO 151', 'Other', 3),
('Conservation Biology in the Tropics', 14, 'BIO 159', 'Other', 3),
('Biological Microtechnique', 14, 'BIO 180', 'Other', 3),
('Museum-Herbarium Curatorship', 14, 'BIO 192', 'Other', 3),
('Phycology', 14, 'BOT 101', 'Other', 3),
('Morphology and Anatomy of Plants', 14, 'BOT 110', 'Required', 3),
('Byrophytes and Vascular Cryptogams', 14, 'BOT 111', 'Other', 3),
('Advanced Plant Physiology', 14, 'BOT 120', 'Other', 3),
('Systematics of Spermatophytes', 14, 'BOT 140', 'Required', 3),
('Economic Botany', 14, 'BOT 142', 'Other', 3),
('Plant Ecology', 14, 'BOT 150', 'Other', 3),
('Phytogeography', 14, 'BOT 152', 'Required', 3),
('Special Topic', 14, 'BOT 191', 'Other', 3),
('Plant Histochemistry', 14, 'BOT 192', 'Other', 3),
('Fundamentals of Plant Physiology', 14, 'BOT 20', 'Required', 3),
('Inorganic Plant Nutrition', 14, 'BOT/HORT 131', 'Other', 3),
('Plant Growth', 14, 'BOT/HORT 132', 'Other', 3),
('Plant Biochemistry', 14, 'CHEM 162', 'Other', 3),
('Principles of Plant Breeding', 14, 'CRSC 105', 'Other', 3),
('Plant Tissue Culture', 14, 'HORT 133', 'Other', 3),
('General Mycology', 14, 'PPTH 104', 'Other', 3),
('Fundamentals of Agroforestry', 14, 'SFI 123', 'Other', 3),
('Soil Fertility', 14, 'SOIL 150', 'Other', 3),
('Principles of Cell and Molecular Techniques', 15, 'BIO 125', 'Other', 3),
('Intermediate Genetics I', 15, 'BIO 130a', 'Other', 3),
('Intermediate Genetics II', 15, 'BIO 130b', 'Other', 3),
('Cytogenetics', 15, 'BIO 131', 'Other', 3),
('Introduction to Genomics and Bioinformatics', 15, 'BIO 134', 'Other', 3),
('Insect Genetics', 15, 'BIO 137/ENT 137', 'Other', 3),
('Biogeography', 15, 'BIO 152', 'Required', 3),
('Cave Ecology', 15, 'BIO 154', 'Other', 3),
('Conservation Biology in the Tropics', 15, 'BIO 159', 'Other', 3),
('Biological Microtechniques', 15, 'BIO 180', 'Required', 3),
('Special Problem', 15, 'BIO 190', 'Other', 3),
('Special Topic', 15, 'BIO 191', 'Other', 3),
('Museum-Herbarium Curatorship', 15, 'BIO 192', 'Required', 3),
('Phycology', 15, 'BOT 101', '', 3),
('Morphology and Anatomy of Plants', 15, 'BOT 110', 'Other', 3),
('Bryophytes and Vascular Cryptogams', 15, 'BOT 111', 'Other', 3),
('Systematics of Spermatophytes', 15, 'BOT 140', 'Required', 3),
('Plant Ecology', 15, 'BOT 150', 'Other', 3),
('Phytogeography', 15, 'BOT 152', 'Other', 3),
('General Entomology', 15, 'ENT 101', 'Other', 3),
('Insect Morphology', 15, 'ENT 110', 'Other', 3),
('Insect Taxonomy', 15, 'ENT 140', 'Other', 3),
('Acarology', 15, 'ENT 146', 'Other', 3),
('Insect Ecology', 15, 'ENT 151', 'Other', 3),
('Entomological Techniques', 15, 'ENT 195', 'Other', 3),
('Forest Biodiversity', 15, 'FBS 101', 'Other', 3),
('Forest Entomology', 15, 'FBS 126', 'Other', 3),
('Forest Mycology', 15, 'FBS 140', 'Other', 3),
('Taxonomy of Forest Plants', 15, 'FBS 21', 'Other', 4),
('Microbial Identification Techniques', 15, 'MCB 101', 'Required', 3),
('General Virology', 15, 'MCB 102', 'Other', 3),
('Microbial Physiology', 15, 'MCB 120', 'Other', 3),
('Microbial Genetics', 15, 'MCB 130', 'Other', 3),
('General Mycology', 15, 'PPTH 104', 'Other', 3),
('Introduction to Philippines Wildlife', 15, 'WLDL 101', 'Other', 3),
('Comparative Vertebrate', 15, 'ZOO 113', 'Other', 5),
('Animal Taxonomy', 15, 'ZOO 140', 'Required', 3),
('Invertebrate Zoology', 15, 'ZOO 142', 'Other', 3),
('Herpetology', 15, 'ZOO 145', 'Other', 3),
('Ornithology', 15, 'ZOO 146', 'Other', 3),
('Mammalogy', 15, 'ZOO 148', 'Other', 3),
('Animal Ecology', 15, 'ZOO 150', 'Other', 3),
('Marine Zoology', 15, 'ZOO 151', 'Other', 3),
('Freshwater Zoology', 15, 'ZOO 152', 'Other', 3),
('General Limnology', 15, 'ZOO 155', 'Other', 3),
('General Malacology', 15, 'ZOO 160', 'Other', 3),
('Introduction to Parasitology', 15, 'ZOO 173', 'Other', 3),
('Ichthyology', 15, 'ZOO 180', 'Other', 3),
('Conservation Biology in the Tropics', 16, 'BIO 159', 'Other', 3),
('Biological Microtechniques', 16, 'BIO 180', 'Other', 3),
('Introduction to Philippine Wildlife', 16, 'WLDL 101', 'Required', 3),
('Principles of Wildlife Management', 16, 'WLDL 105', 'Other', 3),
('Wildlife Ecology', 16, 'WLDL 150', 'Required', 3),
('Techniques of Wildlife Management', 16, 'WLDL 195', 'Other', 3),
('Comparative Vertebrate Anatomy', 16, 'ZOO 113', 'Other', 5),
('Animal Histology', 16, 'ZOO 115', 'Other', 3),
('Developmental Zoology', 16, 'ZOO 117', 'Other', 3),
('Animal Physiology', 16, 'ZOO 120', 'Other', 5),
('Animal Behavior', 16, 'ZOO 122', 'Other', 3),
('Animal Toxinology', 16, 'ZOO 127', 'Other', 3),
('Animal Taxonomy', 16, 'ZOO 140', 'Other', 3),
('Herpetology', 16, 'ZOO 145', 'Other', 3),
('Ornithology', 16, 'ZOO 146', 'Other', 3),
('Mammalogy', 16, 'ZOO 148', 'Other', 3),
('Biology of Marine Animals', 16, 'ZOO 149', 'Other', 3),
('Marine Animal Ecology', 16, 'ZOO 153', 'Other', 3),
('Introduction to Parasitology', 16, 'ZOO 173', 'Other', 3),
('Ichthyology', 16, 'ZOO 180', 'Other', 3),
('Special Topic', 16, 'ZOO 191', 'Other', 3),
('Conservation Biology in the Tropics', 17, 'BIO 159', 'Other', 3),
('Biological Microtechniques', 17, 'BIO 180', 'Other', 3),
('Comparative Vertebrate Anatomy', 17, 'ZOO 113', 'Required', 5),
('Animal Histology', 17, 'ZOO 115', 'Other', 3),
('Developmental Zoology', 17, 'ZOO 117', 'Required', 3),
('Animal Physiology', 17, 'ZOO 120', 'Required', 5),
('Animal Behavior', 17, 'ZOO 122', 'Other', 3),
('Animal Toxinology', 17, 'ZOO 127', 'Other', 3),
('Animal Taxonomy', 17, 'ZOO 140', 'Other', 3),
('Invertebrate Zoology', 17, 'ZOO 142', 'Other', 3),
('Herpetology', 17, 'ZOO 145', 'Other', 3),
('Ornithology', 17, 'ZOO 146', 'Other', 3),
('Mammalogy', 17, 'ZOO 148', 'Other', 3),
('Biology of Marine Animals', 17, 'ZOO 149', 'Other', 3),
('Animal Ecology', 17, 'ZOO 150', 'Other', 3),
('Marine Zoology', 17, 'ZOO 151', 'Other', 5),
('Freshwater Zoology', 17, 'ZOO 152', 'Other', 3),
('Marine Animal Ecology', 17, 'ZOO 153', 'Other', 3),
('General Limnology', 17, 'ZOO 155', 'Other', 3),
('General Malacology', 17, 'ZOO 160', 'Other', 3),
('Introduction to Parasitology', 17, 'ZOO 173', 'Other', 3),
('Ichthyology', 17, 'ZOO 180', 'Other', 3),
('Introduction to Aquaculture', 17, 'ZOO 185', 'Other', 3),
('Special Topic', 17, 'ZOO 191', 'Other', 3),
('Zoological Techniques', 17, 'ZOO 91', 'Other', 3),
('Fundamentals of Mathematical Computing', 18, 'AMAT 152', '', 3),
('Critical Perspectives in the Arts', 18, 'ARTS 1', '', 3),
('Physical Chemistry I', 18, 'CHEM 111', '', 3),
('Physical Chemistry I Laboratory', 18, 'CHEM 111.1', '', 2),
('Physical Chemistry II', 18, 'CHEM 112', '', 3),
('Physical Chemistry II Laboratory', 18, 'CHEM 112.1', '', 2),
('Physical Chemistry III', 18, 'CHEM 115', '', 3),
('Inorganic Chemistry', 18, 'CHEM 120', '', 3),
('Inorganic Chemistry Laboratory', 18, 'CHEM 120.1', '', 2),
('Technical Analysis I: Foods and Feeds', 18, 'CHEM 131', '', 4),
('Modern Analytical Chemistry', 18, 'CHEM 137', '', 3),
('Modern Analytical Chemistry Laboratory', 18, 'CHEM 137.1', '', 2),
('Organic Analysis', 18, 'CHEM 140', '', 4),
('General Biochemistry Laboratory', 18, 'CHEM 161.1', '', 2),
('General Biochemistry I', 18, 'CHEM 161a', '', 3),
('General Biochemistry II', 18, 'CHEM 161b', '', 3),
('Industrial Chemistry', 18, 'CHEM 171', '', 3),
('University Chemistry', 18, 'CHEM 18', '', 3),
('University Chemistry Laboratory', 18, 'CHEM 18.1', '', 2),
('General Environmental Chemistry', 18, 'CHEM 180', '', 3),
('Chemical Structure and Properties', 18, 'CHEM 19', '', 3),
('Chemical Information, Literature and Communication', 18, 'CHEM 192', '', 3),
('Practicum', 18, 'CHEM 198', '', 3),
('Undergraduate Seminar', 18, 'CHEM 199', '', 1),
('Undergraduate Thesis', 18, 'CHEM 200', '', 3),
('Quantitative Inorganic Analysis', 18, 'CHEM 32', '', 3),
('Quantitative Inorganic Analysis Laboratory', 18, 'CHEM 32.1', '', 2),
('Organic Chemistry I', 18, 'CHEM 43', '', 3),
('Organic Chemistry I Laboratory', 18, 'CHEM 43.1', '', 2),
('Organic Chemistry II', 18, 'CHEM 44', '', 3),
('Organic Chemistry II Laboratory', 18, 'CHEM 44.1', '', 2),
('Foundations of Computer Science', 18, 'CMSC 12', '', 3),
('Critical Perspectives in Communication', 18, 'COMM 10', '', 3),
('Ethics and Moral Reasoning in Everyday Life', 18, 'ETHICS 1', '', 3),
('Philippine History', 18, 'HIST 1', '', 3),
('Wellness and Basic Injury Management', 18, 'HK 11', '', 0),
('Basic Human Kinetics Activities', 18, 'HK 12', '', 0),
('Advanced Human Kinetics Activities', 18, 'HK 13', '', 0),
('Kasaysayan ng Pilipinas', 18, 'KAS 1', '', 3),
('Analytic Geometry and Calculus II', 18, 'MATH 27', '', 3),
('Analytic Geometry and Calculus III', 18, 'MATH 28', '', 3),
('Biology and Applications of Microorganisms', 18, 'MCB 11', '', 3),
('National Service Training Program', 18, 'NSTP 1', '', 0),
('National Service Training Program', 18, 'NSTP 2', '', 0),
('University Physics I', 18, 'PHYS 71', '', 4),
('University Physics I Laboratory', 18, 'PHYS 71.1', '', 1),
('University Physics II', 18, 'PHYS 72', '', 4),
('University Physics II Laboratory', 18, 'PHYS 72.1', '', 1),
('The Life, Works, and Writings of Jose Rizal', 18, 'PI 10', '', 3),
('Experimental Designs', 18, 'STAT 162', '', 3),
('Science, Technology and Society', 18, 'STS 1', '', 3),
('Critical Perspectives in the Arts', 19, 'ARTS 1', '', 3),
('Web Programming', 19, 'CMSC 100', '', 3),
('Foundations of Computer Science', 19, 'CMSC 12', '', 3),
('Data Structures', 19, 'CMSC 123', '', 3),
('Design and Implementation of Programming Languages', 19, 'CMSC 124', '', 3),
('Operating Systems', 19, 'CMSC 125', '', 3),
('File Processing and Database Systems', 19, 'CMSC 127', '', 3),
('Introduction to Software Engineering', 19, 'CMSC 128', '', 3),
('Logic Design and Digital Computer Circuits', 19, 'CMSC 130', '', 3),
('Introduction to Computer Organization and Machine-Level Programming', 19, 'CMSC 131', '', 3),
('Computer Architecture', 19, 'CMSC 132', '', 3),
('Data Communications and Networking', 19, 'CMSC 137', '', 3),
('Automata and Language Theory', 19, 'CMSC 141', '', 3),
('Design and Analysis of Algorithms', 19, 'CMSC 142', '', 3),
('Numerical & Symbolic Computation', 19, 'CMSC 150', '', 3),
('Introduction to Artificial Intelligence', 19, 'CMSC 170', '', 3),
('Human-Computer Interaction', 19, 'CMSC 173', '', 3),
('Introduction to Parallel Computing', 19, 'CMSC 180', '', 3),
('Special Problem', 19, 'CMSC 190', '', 3),
('Practicum', 19, 'CMSC 198', '', 3),
('Undergraduate Seminar', 19, 'CMSC 199', '', 1),
('Undergraduate Thesis', 19, 'CMSC 200', '', 3),
('Fundamentals of Programming', 19, 'CMSC 21', '', 3),
('Object-Oriented Programming', 19, 'CMSC 22', '', 3),
('Mobile Computing', 19, 'CMSC 23', '', 3),
('Discrete Mathematical Structures in Computer Science I', 19, 'CMSC 56', '', 3),
('Discrete Mathematical Structures in Computer Science II', 19, 'CMSC 57', '', 3),
('Critical Perspectives in Communication', 19, 'COMM 10', '', 3),
('Writing of Scientific Papers', 19, 'ENG 10', '', 3),
('Ethics and Moral Reasoning in Everyday Life', 19, 'ETHICS 1', '', 3),
('Philippine History', 19, 'HIST 1', '', 3),
('Wellness and Basic Injury Management', 19, 'HK 11', '', 0),
('Human Kinetics Activities', 19, 'HK 12', '', 0),
('Advanced Human Kinetics Activities', 19, 'HK 13', '', 0),
('Kasaysayan ng Pilipinas', 19, 'KAS 1', '', 3),
('Analytic Geometry & Calculus II', 19, 'MATH 27', '', 3),
('Analytic Geometry & Calculus III', 19, 'MATH 28', '', 3),
('National Service Training Program I', 19, 'NSTP 1', '', 0),
('National Service Training Program II', 19, 'NSTP 2', '', 0),
('The Life and Works of Jose Rizal', 19, 'PI 10', '', 3),
('Statistical Methods', 19, 'STAT 101', '', 3),
('Science, Technology and Society', 19, 'STS 1', '', 3),
('Fundamentals of Mathematical Computing', 20, 'AMAT 152', '', 3),
('Critical Perspectives in the Arts', 20, 'ARTS 1', '', 3),
('Investigative Biology Laboratory', 20, 'BIO 11.1', '', 2),
('University Chemistry', 20, 'CHEM 18', '', 3),
('University Chemistry Laboratory', 20, 'CHEM 18.1', '', 2),
('Workplace Communication', 20, 'COMA 150', '', 3),
('Critical Perspectives in Communication', 20, 'COMM 10', '', 3),
('Ethics and Moral Reasoning in Everyday Life', 20, 'ETHICS 1', '', 3),
('Philippine History', 20, 'HIST 1', '', 3),
('Wellness and Basic Injury Management', 20, 'HK 11', '', 0),
('Human Kinetics Activities', 20, 'HK 12', '', 0),
('Advanced Human Kinetics Activities', 20, 'HK 13', '', 0),
('Kasaysayan ng Pilipinas', 20, 'KAS 1', '', 3),
('Logic and Set Theory', 20, 'MATH 101', '', 3),
('Elementary Number Theory', 20, 'MATH 103', '', 3),
('Modern Algebra I', 20, 'MATH 111', '', 3),
('Linear Algebra', 20, 'MATH 120', '', 3),
('Euclidean and Non-Euclidean Geometry', 20, 'MATH 133', '', 3),
('Projective Geometry', 20, 'MATH 135', '', 3),
('Introductory Topology', 20, 'MATH 138', '', 3),
('Introductory Combinatorics', 20, 'MATH 141', '', 3),
('Ordinary Differential Equations', 20, 'MATH 151', '', 3),
('Advanced Calculus I', 20, 'MATH 155', '', 3),
('Complex Analysis I', 20, 'MATH 165', '', 3),
('Introduction to Probability Theory', 20, 'MATH 181', '', 3),
('Special Problem', 20, 'MATH 190', '', 3),
('Foundations of Mathematics', 20, 'MATH 192', '', 3),
('Research Methods in Mathematics', 20, 'MATH 195', '', 3),
('Undergraduate Seminar', 20, 'MATH 199', '', 1),
('The Landscape of Mathematics', 20, 'MATH 20', '', 3),
('Undergraduate Thesis', 20, 'MATH 200', '', 3),
('Mathematical Analysis I', 20, 'MATH 36', '', 5),
('Mathematical Analysis II', 20, 'MATH 37', '', 3),
('Mathematical Analysis III', 20, 'MATH 38', '', 5),
('National Service Training Program I', 20, 'NSTP 1', '', 0),
('National Service Training Program II', 20, 'NSTP 2', '', 0),
('Elements of Physics', 20, 'PHYS 51', '', 4),
('Elements of Physics Laboratory', 20, 'PHYS 51.1', '', 1),
('The Life and Works of Jose Rizal', 20, 'PI 10', '', 3),
('Statistical Methods', 20, 'STAT 101', '', 3),
('Science, Technology and Society', 20, 'STS 1', '', 3),
('Finite Mathematics', 21, 'AMAT 19', '', 3),
('Investigative Biology Laboratory', 21, 'BIO 11.1', '', 2),
('Biodiversity', 21, 'BIO 14', '', 5),
('University Chemistry', 21, 'CHEM 18', '', 3),
('University Chemistry Laboratory', 21, 'CHEM 18.1', '', 2),
('University Chemistry', 21, 'CHEM 40', '', 4),
('University Chemistry Laboratory', 21, 'CHEM 40.1', '', 1),
('Philippine History', 21, 'HIST 1', '', 3),
('Wellness and Basic Injury Management', 21, 'HK 11', '', 0),
('Human Kinetics Activities', 21, 'HK 12', '', 0),
('Advanced Human Kinetics Activities', 21, 'HK 13', '', 0),
('Kasaysayan ng Pilipinas', 21, 'KAS 1', '', 3),
('Fundamental Calculus', 21, 'MATH 25', '', 3),
('Analytic Geometry and Calculus II', 21, 'MATH 27', '', 3),
('Field Study I', 21, 'MST 101a', '', 1),
('Field Study II', 21, 'MST 101b', '', 1),
('Foundations of Physics', 21, 'PHYS 50', '', 3),
('The Life and Works of Jose Rizal', 21, 'PI 10', '', 3),
('Science, Technology and Society', 21, 'STS 1', '', 3),
('Critical Perspective in the Arts', 22, 'ARTS 1', '', 3),
('Genetics', 22, 'BIO 30', '', 3),
('University Botany', 22, 'BOT 14', '', 3),
('Ecology', 22, 'BOT 150', '', 4),
('Introductory Biochemistry', 22, 'CHEM 160', '', 3),
('Workplace Communication', 22, 'COMA 150', '', 3),
('Critical Perspectives in Communication', 22, 'COMM 10', '', 3),
('Fundamentals of Educational Communication and Technology', 22, 'DEVC 40/MST 40', '', 3),
('Theories and Principles of Education', 22, 'EDUC 102', '', 3),
('Educational Psychology', 22, 'EDUC 111', '', 3),
('Principles and Strategies of Teaching', 22, 'EDUC 122', '', 3),
('Evaluation of Learning Outcomes', 22, 'EDUC 144', '', 3),
('Ethics and Moral Reasoning in Everyday Life', 22, 'ETHICS 1', '', 3),
('Human Physiology', 22, 'HFDS 12', '', 3),
('College Geometry', 22, 'MATH 18', '', 3),
('Biology and Applications of Microorganisms', 22, 'MCB 11', '', 3),
('Field Study III', 22, 'MST 101c', '', 1),
('Field Study IV', 22, 'MST 101d', '', 1),
('The Teaching of Mathematics and Science', 22, 'MST 123', '', 5),
('Special Problem', 22, 'MST 190', '', 3),
('Special Topic', 22, 'MST 191', '', 3),
('Research Methodologies in Education', 22, 'MST 195', '', 3),
('Undergraduate Seminar', 22, 'MST 199', '', 1),
('Student Teaching I (on campus)', 22, 'MST 200a', '', 3),
('Student Teaching I (off campus)', 22, 'MST 200b', '', 3),
('National Service Training Program I', 22, 'NSTP 1', '', 0),
('National Service Training Program II', 22, 'NSTP 2', '', 0),
('University Physics', 22, 'PHYS 71', '', 3),
('University Physics Laboratory', 22, 'PHYS 71.1', '', 1),
('University Physics II', 22, 'PHYS 72', '', 4),
('University Physics II Laboratory', 22, 'PHYS 72.1', '', 1),
('Speech Communication Strategies for Classroom Instructions', 22, 'SPCM 156', '', 3),
('Experimental Designs', 22, 'STAT 162', '', 3),
('Statistics for the Social Sciences', 22, 'STAT 166', '', 3),
('University Zoology', 22, 'ZOO 14', '', 3),
('Critical Perspectives in the Arts', 23, 'ARTS 1', '', 3),
('Genetics', 23, 'BIO 30', '', 3),
('Elementary Physical Chemistry', 23, 'CHEM 102', '', 3),
('Introductory Biochemistry', 23, 'CHEM 160', '', 3),
('Introductory Biochemistry Laboratory', 23, 'CHEM 160.1', '', 3),
('General Environmental Chemistry', 23, 'CHEM 180', '', 3),
('Quantitative Inorganic Analysis', 23, 'CHEM 32', '', 3),
('Quantitative Inorganic Analysis Laboratory', 23, 'CHEM 32.1', '', 2),
('Workplace Communication', 23, 'COMA 150', '', 3),
('Critical Perspectives in Communication', 23, 'COMM 10', '', 3),
('Fundamentals of Educational Communication and Technology', 23, 'DEVC 40/MST 40', '', 3),
('Educational Psychology', 23, 'EDUC 111', '', 3),
('Principles and Strategies of Teaching', 23, 'EDUC 122', '', 3),
('Evaluation of Learning Outcomes', 23, 'EDUC 144', '', 3),
('Ethics and Moral Reasoning in Everyday Life', 23, 'ETHICS 1', '', 3),
('College Geometry', 23, 'MATH 18', '', 3),
('Field Study III', 23, 'MST 101c', '', 1),
('Field Study IV', 23, 'MST 101d', '', 1),
('The Teaching of Mathematics and Science', 23, 'MST 123', '', 5),
('Special Problem', 23, 'MST 190', '', 3),
('Special Topic', 23, 'MST 191', '', 3),
('Research Methodologies in Education', 23, 'MST 195', '', 3),
('Undergraduate Seminar', 23, 'MST 199', '', 1),
('Student Teaching I (on campus)', 23, 'MST 200a', '', 3),
('Student Teaching I (off campus)', 23, 'MST 200b', '', 3),
('National Service Training Program I', 23, 'NSTP 1', '', 0),
('National Service Training Program II', 23, 'NSTP 2', '', 0),
('University Physics I', 23, 'PHYS 71', '', 4),
('University Physics I Laboratory', 23, 'PHYS 71.1', '', 1),
('University Physics II', 23, 'PHYS 72', '', 4),
('University Physics II Laboratory', 23, 'PHYS 72.1', '', 1),
('Speech Communication Strategies for Classroom Instructions', 23, 'SPCM 156', '', 3),
('Experimental Designs', 23, 'STAT 162', '', 3),
('Statistics for the Social Sciences', 23, 'STAT 166', '', 3),
('Matrices and Applications', 24, 'AMAT 105', '', 3),
('Critical Perspective in the Arts', 24, 'ARTS 1', '', 3),
('Genetics', 24, 'BIO 30', '', 3),
('Introductory Biochemistry', 24, 'CHEM 160', '', 3),
('Workplace Communication', 24, 'COMA 150', '', 3),
('Critical Perspectives in Communication', 24, 'COMM 10', '', 3),
('Fundamentals of Educational Communication and Technology', 24, 'DEVC 40/MST 40', '', 3),
('Theories and Principles of Education', 24, 'EDUC 102', '', 3),
('Educational Psychology', 24, 'EDUC 111', '', 3),
('Principles and Strategies of Teaching', 24, 'EDUC 122', '', 3),
('Evaluation of Learning Outcomes', 24, 'EDUC 144', '', 3),
('Ethics and Moral Reasoning in Everyday Life', 24, 'ETHICS 1', '', 3),
('Logic and Set Theory', 24, 'MATH 101', '', 3),
('Elementary Theory of Numbers', 24, 'MATH 103', '', 3),
('College Geometry', 24, 'MATH 18', '', 3),
('The Landscape of Mathematics', 24, 'MATH 20', '', 3),
('Analytic Geometry and Calculus III', 24, 'MATH 28', '', 3),
('Field Study III', 24, 'MST 101c', '', 1),
('Field Study IV', 24, 'MST 101d', '', 1),
('The Teaching of Mathematics and Science', 24, 'MST 123', '', 5),
('Special Problem', 24, 'MST 190', '', 3),
('Special Topic', 24, 'MST 191', '', 3),
('Research Methodologies in Education', 24, 'MST 195', '', 3),
('Undergraduate Seminar', 24, 'MST 199', '', 1),
('Student Teaching I (on campus)', 24, 'MST 200a', '', 3),
('Student Teaching I (off campus)', 24, 'MST 200b', '', 3),
('National Service Training Program I', 24, 'NSTP 1', '', 0),
('National Service Training Program II', 24, 'NSTP 2', '', 0),
('University Physics I', 24, 'PHYS 71', '', 4),
('University Physics I Laboratory', 24, 'PHYS 71.1', '', 1),
('University Physics II', 24, 'PHYS 72', '', 4),
('University Physics II Laboratory', 24, 'PHYS 72.1', '', 1),
('Speech Communication Strategies for Classroom Instructions', 24, 'SPCM 156', '', 3),
('Experimental Designs', 24, 'STAT 162', '', 3),
('Statistics for the Social Sciences', 24, 'STAT 166', '', 3),
('Physics in Scientific Instruments', 25, 'APHY 101', '', 3),
('Physics of Electronic Devices', 25, 'APHY 102', '', 3),
('Critical Perspective in the Arts', 25, 'ARTS 1', '', 3),
('Genetics', 25, 'BIO 30', '', 3),
('Introductory Biochemistry', 25, 'CHEM 160', '', 3),
('Foundations of Computer Science', 25, 'CMSC 12', '', 3),
('Workplace Communication', 25, 'COMA 150', '', 3),
('Critical Perspectives in Communication', 25, 'COMM 10', '', 3),
('Fundamentals of Educational Communication and Technology', 25, 'DEVC 40/MST 40', '', 3),
('Theories and Principles of Education', 25, 'EDUC 102', '', 3),
('Educational Psychology', 25, 'EDUC 111', '', 3),
('Principles and Strategies of Teaching', 25, 'EDUC 122', '', 3),
('Evaluation of Learning Outcomes', 25, 'EDUC 144', '', 3),
('Ethics and Moral Reasoning in Everyday Life', 25, 'ETHICS 1', '', 3),
('College Geometry', 25, 'MATH 18', '', 3),
('Field Study III', 25, 'MST 101c', '', 1),
('Field Study IV', 25, 'MST 101d', '', 1),
('The Teaching of Mathematics and Science', 25, 'MST 123', '', 5),
('Special Problem', 25, 'MST 190', '', 3),
('Special Topics', 25, 'MST 191', '', 3),
('Research Methodologies in Education', 25, 'MST 195', '', 3),
('Undergraduate Seminar', 25, 'MST 199', '', 1),
('Student Teaching (on campus)', 25, 'MST 200a', '', 3),
('Student Teaching I (off campus)', 25, 'MST 200b', '', 3),
('National Service Training Program I', 25, 'NSTP 1', '', 0),
('National Service Training Program II', 25, 'NSTP 2', '', 0),
('Experimental Physics I', 25, 'PHYS 192.1', '', 2),
('Experimental Physics II', 25, 'PHYS 193.1', '', 2),
('University Physics I', 25, 'PHYS 71', '', 4),
('University Physics I Laboratory', 25, 'PHYS 71.1', '', 1),
('University Physics II', 25, 'PHYS 72', '', 4),
('University Physics II Laboratory', 25, 'PHYS 72.1', '', 1),
('Speech Communication Strategies for Classroom Instructions', 25, 'SPCM 156', '', 3),
('Experimental Designs', 25, 'STAT 162', '', 3),
('Statistics for the Social Sciences', 25, 'STAT 166', '', 3),
('Language and Communication', 28, 'COMA 101', '', 3),
('Language and Culture', 28, 'COMA 104', '', 3),
('Principles of Public Relations', 28, 'COMA 105', '', 3),
('Introduction to Research', 28, 'COMA 192', '', 3),
('Workshop in Communication Arts', 28, 'COMA 193', '', 3),
('Thesis', 28, 'COMA 200', '', 3),
('Practicum', 28, 'COMA 200-a', '', 3),
('College English', 28, 'ENG 1', '', 3),
('English Prose Styles', 28, 'ENG 101', '', 3),
('Business and Professional Reports', 28, 'ENG 102', '', 3),
('College Writing in English', 28, 'ENG 2', '', 3),
('Masterpieces in World Literature', 28, 'ENG 4', '', 3),
('Mga Piling Katha ng mga Manunulat na Pilipino', 28, 'FIL 20', '', 3),
('Poklorikong Pilipino', 28, 'FIL 21', '', 3),
('Philippine Art and Society', 28, 'HUM 170', '', 3),
('Information Technology Literacy', 28, 'IT 1', '', 3),
('Problem Solving', 28, 'MATH 2', '', 3),
('National Service Training Program I', 28, 'NSTP 1', '', 0),
('National Service Training Program II', 28, 'NSTP 2', '', 0),
('Philosophical Analysis', 28, 'PHLO 1', '', 3),
('The Life and Works of Dr. Jose Rizal', 28, 'PI 10', '', 3),
('Social Psychology', 28, 'SOC 130', '', 3),
('Foundations of Behavioral Sciences', 28, 'SOSC 1', '', 3),
('Voice and Diction', 28, 'SPCM 102', '', 3),
('Occasional Speeches', 28, 'SPCM 104', '', 3),
('History of the Theater', 28, 'THEA 101', '', 3),
('Theater Communication', 28, 'THEA 107', '', 3),
('Rhetoric', 29, 'SPCM 101', '', 3),
('Oral Interpretation', 29, 'SPCM 103', '', 3),
('Philippine Public Address', 29, 'SPCM 105', '', 3),
('Group Discussion and Leadership', 29, 'SPCM 106', '', 3),
('Communication in Public Relations', 29, 'SPCM 107', '', 3),
('Methods of Language Teaching', 30, 'COMA 141', '', 3),
('Directed Study', 30, 'COMA 190', '', 3),
('Critical Writing', 30, 'ENG 103', '', 3),
('Argument', 30, 'ENG 104', '', 3),
('Playwriting', 30, 'ENG 105', '', 3),
('Creative Writing', 30, 'ENG 106', '', 3),
('Mythology and Folklore', 30, 'ENG 107', '', 3),
('Creative Nonfiction', 30, 'ENG 155', '', 3),
('Pagsulat ng Kwentong Popular', 30, 'FIL 150', '', 3),
('Philippine Literature in English', 30, 'HUM 150', '', 3),
('Science and Technology in Literature', 30, 'HUM 160', '', 3),
('Acting', 31, 'THEA 108', '', 3),
('Directing', 31, 'THEA 109', '', 3),
('The Dynamics and Aesthetics of Community Theater', 31, 'THEA 114', '', 3),
('Drama for Children', 31, 'THEA 115', '', 3),
('Mathematical Modeling', 34, 'AMAT 110', '', 3),
('Computer Programming', 34, 'AMAT 150', '', 3),
('Finite Mathematics', 34, 'AMAT 19', '', 3),
('Special Problems', 34, 'AMAT 190', '', 3),
('Practicum', 34, 'AMAT 198', '', 3),
('Undergraduate Seminar', 34, 'AMAT 199', '', 1),
('College English', 34, 'ENG 1', '', 3),
('Logic Set Theory', 34, 'MATH 101', '', 3),
('Linear Algebra', 34, 'MATH 120', '', 3),
('Ordinary Differential Equations', 34, 'MATH 151', '', 3),
('Algebra and Trigonometry', 34, 'MATH 17', '', 5),
('Numerical Analysis I', 34, 'MATH 174', '', 3),
('Numerical Analysis II', 34, 'MATH 175', '', 3),
('Introduction to Probability Theory', 34, 'MATH 181', '', 3),
('Research Methods in Mathematics', 34, 'MATH 195', '', 3),
('Mathematical Analysis II', 34, 'MATH 37', '', 5),
('Mathematical Analysis III', 34, 'MATH 38', '', 3),
('National Service Training Program I', 34, 'NSTP 1', '', 0),
('National Service Training Program II', 34, 'NSTP 2', '', 0),
('Foundations of Physical Fitness', 34, 'PE 1', '', 0),
('Basic Course', 34, 'PE 2', '', 0),
('Advanced Course', 34, 'PE 3', '', 0),
('The Life and Works of Jose Rizal', 34, 'PI 10', '', 3),
('Speech Communication', 34, 'SPCM 1', '', 3),
('Physic of Scientific Instruments', 35, 'APHY 101', '', 3),
('Practicum', 35, 'APHY 198', '', 3),
('Undergraduate Seminar', 35, 'APHY 199', '', 1),
('Undergraduate Thesis', 35, 'APHY 200', '', 3),
('Introduction to Computer Science', 35, 'CMSC 11', '', 3),
('College English', 35, 'ENG 1 (AH)', '', 3),
('College Writing in English', 35, 'ENG 2 (AH)', '', 3),
('Algebra and Trigonometry', 35, 'Math 17', '', 5),
('Mathematical Analysis I', 35, 'MATH 36', '', 5),
('Mathematical Analysis II', 35, 'MATH 37', '', 5),
('Mathematical Analysis III', 35, 'MATH 38', '', 3),
('National Service Training Program', 35, 'NSTP 1', '', 0),
('National Service Training Program', 35, 'NSTP 2', '', 0),
('Foundation of Physical Fitness', 35, 'PE 1', '', 0),
('Basic Course', 35, 'PE 2', '', 0),
('Advance Course', 35, 'PE 3', '', 0),
('Mathematical Methods of Physics I', 35, 'PHYS 111', '', 4),
('Mathematical Methods of Physics II', 35, 'PHYS 112', '', 4),
('Computational Physics', 35, 'PHYS 115', '', 4),
('Theoretical Mechanics I', 35, 'PHYS 121', '', 3),
('Electronic Theory I', 35, 'PHYS 131', '', 3),
('Electromagnetic Theory II', 35, 'PHYS 132', '', 3),
('Quantum Physics I', 35, 'PHYS 141', '', 3),
('Statistical Physics I', 35, 'PHYS 151', '', 3),
('Experimental Physics II', 35, 'PHYS 192', '', 3),
('Research Methods in Physics', 35, 'PHYS 195', '', 3),
('The Life and Works of Jose Rizal', 35, 'PI 10', '', 3),
('Speech Communication', 35, 'SPCM 1 (AH)', '', 3),
('General Biology I', 36, 'BIO 1', '', 3),
('Introductory Molecular Biology', 36, 'BIO 101', '', 3),
('Cell Biology', 36, 'BIO 120', '', 3),
('Evolutionary Biology', 36, 'BIO 140', '', 3),
('Principles of Ecology', 36, 'BIO 150', '', 3),
('Undergraduate Seminar', 36, 'BIO 199', '', 1),
('Biodiversity', 36, 'BIO 3', '', 5),
('Genetics', 36, 'BIO 30', '', 3),
('Earth\'s Processes & Biological Systems', 36, 'BIO 70', '', 3),
('Intermediate Botany', 36, 'BOT 3', '', 3),
('General Chemistry I', 36, 'CHEM 16', '', 5),
('General Biochemistry', 36, 'CHEM 160', '', 3),
('General Chemistry II', 36, 'CHEM 17', '', 5),
('Basic Organic Chemistry', 36, 'CHEM 40', '', 4),
('Writing of Scientific Papers', 36, 'ENG 10', '', 3),
('College Writing in English', 36, 'ENG 2', '', 3),
('Mga Piling Katha ng mga Manunulat na Pilipino', 36, 'FIL 20', '', 3),
('College Algebra', 36, 'MATH 11', '', 3),
('Plane Trigonometry', 36, 'MATH 14', '', 3),
('Analytic Geometry and Calculus I', 36, 'MATH 26', '', 3),
('General Microbiology', 36, 'MCB 1', '', 3),
('Foundations of Physical Fitness', 36, 'PE 1', '', 0),
('Basic Course', 36, 'PE 2', '', 0),
('Advanced Course', 36, 'PE 3', '', 0),
('General Physics I', 36, 'PHYS 3', '', 3),
('The Life and Works of Jose Rizal', 36, 'PI 100', '', 3),
('Elementary Statistics', 36, 'STAT 1', '', 3),
('Intermediate Zoology', 36, 'ZOO 3', '', 3),
('Computer Programming', 44, 'AMAT 150', '', 3),
('General Biology I', 44, 'BIO 1', '', 3),
('General Biology II', 44, 'BIO 2', '', 3),
('Introduction to Plant Science ', 44, 'BOT 1', '', 3),
('Physical Chemistry I', 44, 'CHEM 111', '', 3),
('Physical Chemistry I Laboratory', 44, 'CHEM 111.1', '', 2),
('Physical Chemistry II', 44, 'CHEM 112', '', 3),
('Physical Chemistry II Laboratory', 44, 'CHEM 112.1', '', 2),
('Physical Chemistry III', 44, 'CHEM 115', '', 3),
('Introduction to Computer Science', 44, 'CHEM 120', '', 3),
('Inorganic Chemistry Laboratory', 44, 'CHEM 120.1', '', 2),
('Modern Analytical Chemistry', 44, 'CHEM 137', '', 3),
('Modern Analytical Chemistry Laboratory', 44, 'CHEM 137.1', '', 2),
('Organic Analysis', 44, 'CHEM 140', '', 4),
('General Chemistry I', 44, 'CHEM 16', '', 3),
('General Chemistry I Laboratory', 44, 'CHEM 16.1', '', 2),
('General Biochemistry', 44, 'CHEM 161', '', 4),
('General Biochemistry Laboratory', 44, 'CHEM 161.1', '', 2),
('General Chemistry II', 44, 'CHEM 17', '', 3),
('General Chemistry II Laboratory', 44, 'CHEM 17.1', '', 2),
('Industrial Chemistry', 44, 'CHEM 171', '', 2),
('General Environmental Chemistry', 44, 'CHEM 180', '', 3),
('Chemical Literature', 44, 'CHEM 192', '', 3),
('Undergraduate Seminar', 44, 'CHEM 199', '', 2),
('Undergraduate Thesis', 44, 'CHEM 200', '', 3),
('Quantitative Inorganic Analysis', 44, 'CHEM 32', '', 3),
('Quantitative Inorganic Analysis Laboratory', 44, 'CHEM 32.1', '', 2),
('Organic Chemistry I', 44, 'CHEM 43', '', 3),
('Organic Chemistry I Laboratory', 44, 'CHEM 43.1', '', 2),
('Organic Chemistry II', 44, 'CHEM 44', '', 3),
('Organic Chemistry II Laboratory', 44, 'CHEM 44.1', '', 2),
('Introduction to Computer Science', 44, 'CMSC 11', '', 3),
('College English', 44, 'ENG 1', '', 3),
('College Writing in English', 44, 'ENG 2', '', 3),
('Philippine History', 44, 'HIST 1', '', 3),
('College Algebra and Trigonometry', 44, 'MATH 17', '', 3),
('Analytic Geometry and Calculus I', 44, 'MATH 26', '', 3),
('Analytic Geometry and Calculus II', 44, 'MATH 27', '', 3),
('Analytic Geometry and Calculus III', 44, 'MATH 28', '', 3),
('General Microbiology', 44, 'MCB 1', '', 3),
('National Service Training Program I', 44, 'NSTP 1', '', 0),
('National Service Training Program II', 44, 'NSTP 2', '', 0),
('Foundations of Physical Fitness', 44, 'PE 1', '', 0),
('Basic Course', 44, 'PE 2', '', 0),
('Advanced Course', 44, 'PE 3', '', 0),
('Fundamental Physics', 44, 'PHYS 81', '', 5),
('Fundamental Physics II', 44, 'PHYS 82', '', 5),
('Fundamental Physics III', 44, 'PHYS 83', '', 5),
('The Life and Works of Jose Rizal', 44, 'PI 10', '', 3),
('Speech Communication', 44, 'SPCM 1', '', 3),
('Elementary Statistics', 44, 'STAT 1', '', 3),
('General Zoology', 44, 'ZOO 1', '', 3),
('Web Programming', 45, 'CMSC 100', '', 3),
('Introduction to Computer Science', 45, 'CMSC 11', '', 3),
('Data Structures', 45, 'CMSC 123', '', 3),
('Design and Implementation of Programming Languages', 45, 'CMSC 124', '', 3),
('Operating Systems', 45, 'CMSC 125', '', 3),
('File Processing and Database Systems', 45, 'CMSC 127', '', 3),
('Introduction to Software Engineering', 45, 'CMSC 128', '', 3),
('Logic Design and Digital Computer Circuits', 45, 'CMSC 130', '', 3),
('Introduction to Computer Organization and Machine-Level Programming', 45, 'CMSC 131', '', 3),
('Computer Architecture', 45, 'CMSC 132', '', 3),
('Data Communications and Networking', 45, 'CMSC 137', '', 3),
('Automata and Language Theory', 45, 'CMSC 141', '', 3),
('Design and Analysis of Algorithms', 45, 'CMSC 142', '', 3),
('Numerical and Symbolic Computation', 45, 'CMSC 150', '', 3),
('Artificial Intelligence', 45, 'CMSC 170', '', 3),
('Undergraduate Practicum', 45, 'CMSC 190', '', 3),
('Special Problem', 45, 'CMSC 190a', '', 1),
('Special Problem', 45, 'CMSC 190b', '', 2),
('Undergraduate Seminar', 45, 'CMSC 199', '', 1),
('Introduction to the Internet', 45, 'CMSC 2', '', 3),
('Undergraduate Thesis', 45, 'CMSC 200', '', 3),
('Fundamentals of Programming', 45, 'CMSC 21', '', 3),
('Object-Oriented Programming', 45, 'CMSC 22', '', 3),
('Discrete Mathematical Structures in Computer Science I', 45, 'CMSC 56', '', 3),
('Discrete Mathematical Structures in Computer Science II', 45, 'CMSC 57', '', 3),
('College English', 45, 'ENG 1', '', 3),
('Scientific Writing', 45, 'ENG 10', '', 3),
('College Writing in English', 45, 'ENG 2', '', 3),
('College Algebra and Trigonometry', 45, 'MATH 17', '', 3),
('Analytic Geometry and Calculus I', 45, 'MATH 26', '', 3),
('Analytic Geometry and Calculus II', 45, 'MATH 27', '', 3),
('Analytic Geometry and Calculus III', 45, 'MATH 28', '', 3),
('National Service Training Program I', 45, 'NSTP 1', '', 0);
INSERT INTO `subjects` (`course_name`, `degree_id`, `course_number`, `required_choice`, `number_units`) VALUES
('National Service Training Program II', 45, 'NSTP 2', '', 0),
('Foundations of Physical Fitness', 45, 'PE 1', '', 0),
('Basic Course', 45, 'PE 2', '', 0),
('Advanced Course', 45, 'PE 3', '', 0),
('The Life and Works of Jose Rizal', 45, 'PI 10', '', 3),
('Speech Communication', 45, 'SPCM 1', '', 3),
('Elementary Statistics', 45, 'STAT 1', '', 3),
('Computer Programming', 46, 'AMAT 150', '', 3),
('College English', 46, 'ENG 1', '', 3),
('College Writing in English', 46, 'ENG 2', '', 3),
('Logic and Set Theory', 46, 'MATH 101', '', 3),
('Elementary Theory of Numbers', 46, 'MATH 103', '', 3),
('Modern Algebra I', 46, 'MATH 111', '', 3),
('Modern Algebra II', 46, 'MATH 112', '', 3),
('Linear Algebra', 46, 'MATH 120', '', 3),
('Metric Geometry', 46, 'MATH 130', '', 3),
('Non-Euclidean Geometries', 46, 'MATH 133', '', 3),
('Projective Geometry', 46, 'MATH 135', '', 3),
('Introductory Topology', 46, 'MATH 138', '', 3),
('Introductory Combinatorics', 46, 'MATH 141', '', 3),
('Graph Theory', 46, 'MATH 143', '', 3),
('Ordinary Differential Equations', 46, 'MATH 151', '', 3),
('Partial Differential Equations', 46, 'MATH 152', '', 3),
('Advanced Calculus I', 46, 'MATH 155', '', 3),
('Advanced Calculus II', 46, 'MATH 156', '', 3),
('Vector Analysis', 46, 'MATH 160', '', 3),
('Complex Analysis I', 46, 'MATH 165', '', 3),
('Complex Analysis II', 46, 'MATH 166', '', 3),
('College Algebra and Trigonometry', 46, 'MATH 17', '', 3),
('Finite Differences', 46, 'MATH 170', '', 3),
('Numerical Analysis I', 46, 'MATH 174', '', 3),
('Numerical Analysis II', 46, 'MATH 175', '', 3),
('Introduction to Probability Theory', 46, 'MATH 181', '', 3),
('Stochastic Processes', 46, 'MATH 182', '', 3),
('Special Problem', 46, 'MATH 190', '', 3),
('Special Topics', 46, 'MATH 191', '', 3),
('Foundations of Mathematics', 46, 'MATH 192', '', 3),
('Research Methods in Mathematics', 46, 'MATH 195', '', 3),
('Undergraduate Seminar', 46, 'MATH 199', '', 1),
('The Landscape of Mathematics', 46, 'MATH 20', '', 3),
('Undergraduate Thesis', 46, 'MATH 200a', '', 2),
('Undergraduate Thesis', 46, 'MATH 200b', '', 2),
('Undergraduate Thesis', 46, 'MATH 200c', '', 2),
('Mathematical Analysis I', 46, 'MATH 36', '', 3),
('Mathematical Analysis II', 46, 'MATH 37', '', 3),
('Mathematical Analysis III', 46, 'MATH 38', '', 3),
('National Service Training Program I', 46, 'NSTP 1', '', 0),
('National Service Training Program II', 46, 'NSTP 2', '', 0),
('Foundations of Physical Fitness', 46, 'PE 1', '', 0),
('Basic Course', 46, 'PE 2', '', 0),
('Advanced Course', 46, 'PE 3', '', 0),
('The Life and Works of Jose Rizal', 46, 'PI 10', '', 3),
('Speech Communication', 46, 'SPCM 1', '', 3),
('Elementary Statistics', 46, 'STAT 1', '', 3),
('Computer Programming', 48, 'AMAT 150', '', 3),
('General Biology', 48, 'BIO 1', '', 3),
('Principles of Ecology', 48, 'BIO 150', '', 3),
('Biodiveristy', 48, 'BIO 3', '', 3),
('Genetics', 48, 'BIO 30', '', 3),
('General Chemistry I', 48, 'CHEM 16', '', 3),
('General Chemistry I Laboratory', 48, 'CHEM 16.1', '', 2),
('General Chemistry II', 48, 'CHEM 17', '', 3),
('General Chemistry II Laboratory', 48, 'CHEM 17.1', '', 2),
('Fundamentals of Educational Communication and Technology', 48, 'DEVC 40', '', 3),
('Theories and Principles of Education', 48, 'EDUC 102', '', 3),
('Educational Psychology', 48, 'EDUC 111', '', 3),
('Principles and Strategies of Teaching', 48, 'EDUC 122', '', 3),
('Evaluating Learning Outcomes', 48, 'EDUC 144', '', 3),
('College English', 48, 'ENG 1', '', 3),
('College Writing in English', 48, 'ENG 2', '', 3),
('Logic and Set Theory', 48, 'MATH 101', '', 3),
('Elementary Theory of Numbers', 48, 'MATH 103', '', 3),
('College Algebra', 48, 'MATH 11', '', 3),
('Linear Algebra', 48, 'MATH 120', '', 3),
('Plane Trigonometry', 48, 'MATH 14', '', 3),
('Ordinary Differential Equations', 48, 'MATH 151', '', 3),
('Introduction to Probability Theory', 48, 'MATH 18', '', 3),
('The Landscape of Mathematics', 48, 'MATH 20', '', 3),
('Analytic Geometry and Calculus I', 48, 'MATH 26', '', 3),
('Analytic Geometry and Calculus II', 48, 'MATH 27', '', 3),
('Analytic Geometry and Calculus III', 48, 'MATH 28', '', 3),
('Field Study I', 48, 'MST 101a', '', 3),
('Field Study II', 48, 'MST 101b', '', 3),
('FIeld Study III', 48, 'MST 101c', '', 3),
('Field Study IV', 48, 'MST 101d', '', 3),
('The Teaching of Mathematics and Science', 48, 'MST 123', '', 3),
('Special Problem', 48, 'MST 190', '', 3),
('Research Methodologies in Education', 48, 'MST 195', '', 3),
('Research Methodologies in Education Laboratory', 48, 'MST 195.1', '', 3),
('Undergraduate Seminar', 48, 'MST 199', '', 1),
('Student Teaching I (on campus)', 48, 'MST 200a', '', 3),
('Student Teaching I', 48, 'MST 200b', '', 3),
('Fundamentals of Educational Communication and Technology', 48, 'MST 40', '', 3),
('National Service Training Program I', 48, 'NSTP 1', '', 0),
('National Service Training Program II', 48, 'NSTP 2', '', 0),
('Foundations of Physical Fitness', 48, 'PE 1', '', 0),
('Basic Course', 48, 'PE 2', '', 0),
('Advanced Course', 48, 'PE 3', '', 0),
('General Physics II', 48, 'PHYS 13', '', 3),
('Optics and Modern Physics', 48, 'PHYS 23', '', 3),
('General Physics I', 48, 'PHYS 3', '', 3),
('The Life and Works of Rizal', 48, 'PI 10', '', 3),
('Research Methodologies in the Social Sciences', 48, 'SOC 195', '', 3),
('Speech Communication', 48, 'SPCM 1', '', 3),
('Elementary Statistics', 48, 'STAT 1', '', 3),
('Statistics for the Social Sciences', 48, 'STAT 166', '', 3),
('General Biology', 49, 'BIO 1', '', 3),
('Principles of Ecology', 49, 'BIO 150', '', 3),
('Biological Microtechniques', 49, 'BIO 180', '', 3),
('Biodiversity', 49, 'BIO 3', '', 3),
('Genetics', 49, 'BIO 30', '', 3),
('Earth\'s Processes and Biological Systems', 49, 'BIO 70', '', 3),
('Intermediate Botany', 49, 'BOT 3', '', 3),
('General Chemistry I', 49, 'CHEM 16', '', 3),
('General Chemistry I Laboratory', 49, 'CHEM 16.1', '', 3),
('Introductory Biochemistry', 49, 'CHEM 160', '', 3),
('General Chemistry II', 49, 'CHEM 17', '', 3),
('General Chemistry II Laboratory', 49, 'CHEM 17.1', '', 3),
('Basic Organic Chemistry', 49, 'CHEM 40', '', 3),
('Basic Organic Chemistry Laboratory', 49, 'CHEM 40.1', '', 3),
('Fundamentals of Educational Communication and Technology', 49, 'DEVC 40', '', 3),
('Theories and Principles of Education', 49, 'EDUC 102', '', 3),
('Educational Psychology', 49, 'EDUC 111', '', 3),
('The Principles and Strategies of Teaching', 49, 'EDUC 122', '', 3),
('Evaluation of Learning Outcomes', 49, 'EDUC 144', '', 3),
('College English', 49, 'ENG 1', '', 3),
('College Writing in English', 49, 'ENG 2', '', 3),
('Human Physiology', 49, 'HFDS 12', '', 3),
('College Algebra', 49, 'MATH 11', '', 3),
('Plane Trigonometry', 49, 'MATH 14', '', 3),
('College Geometry', 49, 'MATH 18', '', 3),
('Analytic Geometry and Calculus I', 49, 'MATH 26', '', 3),
('General Microbiology', 49, 'MCB 1', '', 3),
('Field Study I', 49, 'MST 101a', '', 3),
('Field Study II', 49, 'MST 101b', '', 3),
('Field Study III', 49, 'MST 101c', '', 3),
('Field Study IV', 49, 'MST 101d', '', 3),
('The Teaching of Mathematics and Science', 49, 'MST 123', '', 5),
('Special Problem', 49, 'MST 190', '', 3),
('Research Methodologies in Education', 49, 'MST 195', '', 3),
('Research Methodologies in Education Laboratory', 49, 'MST 195.1', '', 3),
('Undergraduate Seminar', 49, 'MST 199', '', 2),
('Student Teaching (on-campus)', 49, 'MST 200a', '', 3),
('Student Teaching (off-campus)', 49, 'MST 200b', '', 3),
('Fundamentals of Educational Communication and Technology', 49, 'MST 40', '', 3),
('National Service Training Program I', 49, 'NSTP 1', '', 0),
('National Service Training Program II', 49, 'NSTP 2', '', 0),
('Foundations of Physical Fitness', 49, 'PE 1', '', 0),
('Basic Course', 49, 'PE 2', '', 0),
('Advanced Course', 49, 'PE 3', '', 0),
('General Physics II', 49, 'PHYS 13', '', 3),
('Optics and Modern Physics', 49, 'PHYS 23', '', 3),
('General Physics I', 49, 'PHYS 3', '', 3),
('The Life and Works of Rizal', 49, 'PI 10', '', 3),
('Research Methodologies in the Social Sciences', 49, 'SOC 195', '', 3),
('Speech Communication', 49, 'SPCM 1', '', 3),
('Elementary Statistics', 49, 'STAT 1', '', 3),
('Statistics for the Social Sciences', 49, 'STAT 166', '', 3),
('Intermediate Zoology', 49, 'ZOO 3', '', 3),
('Foundations of Entrepreneurship', 50, 'ABME 10', '', 3),
('Critical Perspectives in the Arts', 50, 'ARTS 1', '', 3),
('General Biology', 50, 'BIO 1', '', 3),
('Principles of Ecology', 50, 'BIO 150', '', 3),
('Biodiversity', 50, 'BIO 3', '', 3),
('Genetics', 50, 'BIO 30', '', 3),
('Elementary Physical Chemistry', 50, 'CHEM 102', '', 3),
('General Chemistry I', 50, 'CHEM 16', '', 3),
('General Chemistry I Laboratory', 50, 'CHEM 16.1', '', 3),
('Introductory Biochemistry', 50, 'CHEM 160', '', 3),
('General Chemistry II', 50, 'CHEM 17', '', 3),
('General Chemistry II Laboratory', 50, 'CHEM 17.1', '', 3),
('Environmental Chemistry', 50, 'CHEM 180', '', 3),
('Quantitative Inorganic Analysis', 50, 'CHEM 32', '', 3),
('Quantitative Inorganic Analysis Laboratory', 50, 'CHEM 32.1', '', 3),
('Basic Organic Chemistry', 50, 'CHEM 40', '', 3),
('Basic Organic Chemistry Laboratory', 50, 'CHEM 40.1', '', 3),
('Foundations of Computer Science', 50, 'CMSC 12', '', 3),
('File Processing and Database Systems', 50, 'CMSC 127', '', 3),
('Fundamentals of Programming', 50, 'CMSC 21', '', 3),
('Object-Oriented Programming', 50, 'CMSC 22', '', 3),
('Practicum', 50, 'COMA 198', '', 3),
('Critical Perspectives in Communication', 50, 'COMM 10', '', 3),
('Fundamentals of Educational Communication and Technology', 50, 'DEVC 40', '', 3),
('General Economics', 50, 'ECON 11', '', 3),
('Theories and Principles of Education', 50, 'EDUC 102', '', 3),
('Educational Psychology', 50, 'EDUC 111', '', 3),
('The Principles and Strategies of Teaching', 50, 'EDUC 122', '', 3),
('Evaluation of Learning Outcomes', 50, 'EDUC 144', '', 3),
('College English', 50, 'ENG 1', '', 3),
('Writing Scientific Papers', 50, 'ENG 10', '', 3),
('College Writing in English', 50, 'ENG 2', '', 3),
('Ethics and Moral Reasoning in Everyday Life', 50, 'ETHICS 1', '', 3),
('Philippine History', 50, 'HIST 1', '', 3),
('Wellness and Basic Injury Management', 50, 'HK 11', '', 0),
('Human Kinetics Activities', 50, 'HK 12', '', 0),
('Advanced Human Kinetics Activities', 50, 'HK 13', '', 0),
('Kasaysayan ng Pilipinas', 50, 'KAS 1', '', 3),
('College Algebra', 50, 'MATH 11', '', 3),
('Plane Trigonometry', 50, 'MATH 14', '', 3),
('College Geometry', 50, 'MATH 18', '', 3),
('Stochastic Processes', 50, 'MATH 182', '', 3),
('Analytic Geometry and Calculus I', 50, 'MATH 26', '', 3),
('Analytic Geometry and Calculus II', 50, 'MATH 27', '', 3),
('Field Study I', 50, 'MST 101a', '', 3),
('Field Study II', 50, 'MST 101b', '', 3),
('Field Study III', 50, 'MST 101c', '', 3),
('Field Study IV', 50, 'MST 101d', '', 3),
('The Teaching of Mathematics and Science', 50, 'MST 123', '', 5),
('Special Problem', 50, 'MST 190', '', 3),
('Research Methodologies in Education', 50, 'MST 195', '', 3),
('Research Methodologies in Education Laboratory', 50, 'MST 195.1', '', 3),
('Undergraduate Seminar', 50, 'MST 199', '', 1),
('Student Teaching (on-campus)', 50, 'MST 200a', '', 3),
('Student Teaching (off-campus)', 50, 'MST 200b', '', 3),
('Fundamentals of Educational Communication and Technology', 50, 'MST 40', '', 3),
('National Service Training Program I', 50, 'NSTP 1', '', 0),
('National Service Training Program II', 50, 'NSTP 2', '', 0),
('Foundations of Physical Fitness', 50, 'PE 1', '', 0),
('Basic Course', 50, 'PE 2', '', 0),
('Advanced Course', 50, 'PE 3', '', 0),
('General Physics II', 50, 'PHYS 13', '', 3),
('Optics and Modern Physics', 50, 'PHYS 23', '', 3),
('General Physics I', 50, 'PHYS 3', '', 3),
('The Life and Works of Rizal', 50, 'PI 10', '', 3),
('Research Methodologies in the Social Sciences', 50, 'SOC 195', '', 3),
('Speech Communication', 50, 'SPCM 1', '', 3),
('Elementary Statistics', 50, 'STAT 1', '', 3),
('Statistical Methods', 50, 'STAT 101', '', 3),
('Logic and Matrix Algebra in Statistics', 50, 'STAT 135', '', 3),
('Introductory Statistical Theory I', 50, 'STAT 144', '', 3),
('Introductory Statistical Theory II', 50, 'STAT 145', '', 3),
('Introductory Statistical Theory II', 50, 'STAT 146', '', 3),
('Introduction to the Theory of Nonparametric Statistics', 50, 'STAT 147', '', 3),
('Introductory Bayesian Statistics', 50, 'STAT 148', '', 3),
('Applied Regression and Correlation', 50, 'STAT 151', '', 3),
('Introductory Time Series Analysis', 50, 'STAT 156', '', 3),
('Financial Risk Analysis', 50, 'STAT 157', '', 3),
('Experimental Designs', 50, 'STAT 162', '', 3),
('Survey Designs', 50, 'STAT 163', '', 3),
('Categorical Data Analysis', 50, 'STAT 165', '', 3),
('Statistics for the Social Sciences', 50, 'STAT 166', '', 3),
('Statistical Quality Control', 50, 'STAT 167', '', 3),
('Response Surface Methodology', 50, 'STAT 168', '', 3),
('Survey Operations', 50, 'STAT 173', '', 3),
('Introductory Biostatistics', 50, 'STAT 174', '', 3),
('Analysis of Multivariate Data', 50, 'STAT 175', '', 3),
('Statistical Computing', 50, 'STAT 181', '', 3),
('Statistical Packages', 50, 'STAT 182', '', 3),
('Introductory Data Analytics', 50, 'STAT 183', '', 3),
('Special Problems', 50, 'STAT 190', '', 1),
('Special Topics', 50, 'STAT 191', '', 3),
('Statistical Consulting Laboratory', 50, 'STAT 192.1', '', 3),
('Undergraduate Seminar', 50, 'STAT 199', '', 1),
('Science, Technology, and Society', 50, 'STS 1', '', 3),
('Farm Management', 51, 'AAE 111', '', 3),
('Agricultural Marketing I', 51, 'AAE 120', '', 3),
('Undergraduate Thesis', 51, 'ACHM 200', '', 3),
('Ethics, Laws and Policies in Agriculture', 51, 'AGRI 171', '', 3),
('Colloquium in Agriculture', 51, 'AGRI 199', '', 1),
('Introduction to Animal Science', 51, 'AGRI 21', '', 3),
('Introduction to Livestock and Poultry Production', 51, 'AGRI 22', '', 3),
('Fundamentals of Crop Science I', 51, 'AGRI 31', '', 3),
('Fundamentals of Crop Science II', 51, 'AGRI 32', '', 3),
('Principles of Crop Protection', 51, 'AGRI 41', '', 3),
('Pest Management', 51, 'AGRI 42', '', 3),
('Principles of Soil Science', 51, 'AGRI 51', '', 3),
('Agricultural Extension Communication', 51, 'AGRI 61', '', 3),
('Fundamentals of Mathematical Computing', 51, 'AMAT 152', '', 3),
('Physics of Scientific Instruments', 51, 'APHY 101', '', 3),
('Physics of Electronic Devices', 51, 'APHY 102', '', 3),
('Digital Computer Electronics', 51, 'APHY 104', '', 3),
('Critical Perspective in the Arts', 51, 'ARTS 1', '', 3),
('General Biology', 51, 'BIO 1', '', 3),
('Principles of Ecology', 51, 'BIO 150', '', 3),
('Biodiversity', 51, 'BIO 3', '', 3),
('Genetics', 51, 'BIO 30', '', 3),
('Elementary Plant Physiology', 51, 'BOT 20', '', 3),
('Physical Chemistry I', 51, 'CHEM 111', '', 3),
('Physical Chemistry I Laboratory', 51, 'CHEM 111.1', '', 2),
('Physical Chemistry II', 51, 'CHEM 112', '', 3),
('Physical Chemistry II Laboratory', 51, 'CHEM 112.1', '', 2),
('Physical Chemistry III', 51, 'CHEM 115', '', 3),
('Inorganic Chemistry', 51, 'CHEM 120', '', 3),
('Technical Analysis I', 51, 'CHEM 131', '', 4),
('Technical Analysis II', 51, 'CHEM 133', '', 4),
('Modern Analytical Chemistry', 51, 'CHEM 137', '', 3),
('Modern Analytical Chemistry Laboratory', 51, 'CHEM 137.1', '', 2),
('Organic Analysis', 51, 'CHEM 140', '', 4),
('General Chemistry I', 51, 'CHEM 16', '', 3),
('General Chemistry I Laboratory', 51, 'CHEM 16.1', '', 3),
('Introductory Biochemistry', 51, 'CHEM 160', '', 3),
('General Biochemistry Laboratory', 51, 'CHEM 161.1', '', 2),
('Biochemistry I', 51, 'CHEM 161a', '', 3),
('Biochemistry II', 51, 'CHEM 161b', '', 3),
('General Chemistry II', 51, 'CHEM 17', '', 3),
('General Chemistry II Laboratory', 51, 'CHEM 17.1', '', 3),
('University Chemistry', 51, 'CHEM 18', '', 3),
('University Chemistry Laboratory', 51, 'CHEM 18.1', '', 3),
('General Environmental Chemistry', 51, 'CHEM 180', '', 3),
('Structure and Reactivity of Agricultural Chemicals', 51, 'CHEM 185', '', 3),
('Chemical Structure and Properties', 51, 'CHEM 19', '', 3),
('Chemical Information, Literature and Communication', 51, 'CHEM 192', '', 3),
('Practicum', 51, 'CHEM 198', '', 3),
('Undergraduate Seminar', 51, 'CHEM 199', '', 1),
('Quantitative Inorganic Analysis', 51, 'CHEM 32', '', 3),
('Quantitative Inorganic Analysis Laboratory', 51, 'CHEM 32.1', '', 2),
('Organic Chemistry I', 51, 'CHEM 43', '', 3),
('Organic Chemistry I Laboratory', 51, 'CHEM 43.1', '', 2),
('Organic Chemistry II', 51, 'CHEM 44', '', 3),
('Organic Chemistry II Laboratory', 51, 'CHEM 44.1', '', 2),
('Foundations of Computer Science', 51, 'CMSC 12', '', 3),
('Critical Perspectives in Communication', 51, 'COMM 10', '', 3),
('Fundamentals of Educational Communication and Technology', 51, 'DEVC 40', '', 3),
('General Economics', 51, 'ECON 11', '', 3),
('Theories and Principles of Education', 51, 'EDUC 102', '', 3),
('Educational Psychology', 51, 'EDUC 111', '', 3),
('The Principles and Strategies of Teaching', 51, 'EDUC 122', '', 3),
('Evaluation of Learning Outcomes', 51, 'EDUC 144', '', 3),
('College English', 51, 'ENG 1', '', 3),
('College Writing in English', 51, 'ENG 2', '', 3),
('Ethics and Moral Reasoning in Everyday Life', 51, 'ETHICS 1', '', 3),
('Philippine History', 51, 'HIST 1', '', 3),
('Wellness and Basic Injury Management', 51, 'HK 11', '', 0),
('Human Kinetics Activities', 51, 'HK 12', '', 0),
('Advanced Human Kinetics Activities', 51, 'HK 13', '', 0),
('Kasaysayan ng Pilipinas', 51, 'KAS 1', '', 3),
('College Algebra', 51, 'MATH 11', '', 3),
('Plane Trigonometry', 51, 'MATH 14', '', 3),
('College Geometry', 51, 'MATH 18', '', 3),
('Analytic Geometry and Calculus I', 51, 'MATH 26', '', 3),
('Analytic Geometry and Calculus II', 51, 'MATH 27', '', 3),
('Analytic Geometry and Calculus III', 51, 'MATH 28', '', 3),
('Biology and Applications of Microorganisms', 51, 'MCB 11', '', 3),
('Field Study I', 51, 'MST 101a', '', 3),
('Field Study II', 51, 'MST 101b', '', 3),
('Field Study III', 51, 'MST 101c', '', 3),
('Field Study IV', 51, 'MST 101d', '', 3),
('The Teaching of Mathematics and Science', 51, 'MST 123', '', 5),
('Special Problem', 51, 'MST 190', '', 3),
('Research Methodologies in Education', 51, 'MST 195', '', 3),
('Research Methodologies in Education Laboratory', 51, 'MST 195.1', '', 3),
('Undergraduate Seminar', 51, 'MST 199', '', 1),
('Student Teaching (on-campus)', 51, 'MST 200a', '', 3),
('Student Teaching (off-campus)', 51, 'MST 200b', '', 3),
('Fundamentals of Educational Communication and Technology', 51, 'MST 40', '', 3),
('National Service Training Program I', 51, 'NSTP 1', '', 0),
('National Service Training Program II', 51, 'NSTP 2', '', 0),
('Foundations of Physical Fitness', 51, 'PE 1', '', 0),
('Basic Course', 51, 'PE 2', '', 0),
('Advanced Course', 51, 'PE 3', '', 0),
('Experimental Physics I', 51, 'PHYS 192', '', 3),
('University Physics I', 51, 'PHYS 71', '', 4),
('University Physics Laboratory', 51, 'PHYS 71.1', '', 1),
('University Physics II', 51, 'PHYS 72', '', 4),
('University Physics II Laboratory', 51, 'PHYS 72.1', '', 1),
('Fundamental Physics', 51, 'PHYS 81', '', 5),
('Fundamental Physics II', 51, 'PHYS 82', '', 5),
('Fundamental Physics III', 51, 'PHYS 83', '', 5),
('The Life and Works of Rizal', 51, 'PI 10', '', 3),
('Research Methodologies in the Social Sciences', 51, 'SOC 195', '', 3),
('Speech Communication', 51, 'SPCM 1', '', 3),
('Elementary Statistics', 51, 'STAT 1', '', 3),
('Statistics for the Social Sciences', 51, 'STAT 166', '', 3),
('Science, Technology and Society', 51, 'STS 1', '', 3),
('General Biology', 52, 'BIO 1', '', 3),
('General Biology II', 52, 'BIO 2', '', 3),
('Genetics', 52, 'BIO 30', '', 3),
('Fundamentals of Chemistry', 52, 'CHEM 15', '', 3),
('Introduction to Computer Science', 52, 'CMSC 11', '', 3),
('Fundamentals of Programming', 52, 'CMSC 21', '', 3),
('Object-Oriented Programming', 52, 'CMSC 22', '', 3),
('General Economics', 52, 'ECON 11', '', 3),
('College English', 52, 'ENG 1', '', 3),
('Scientific Writing', 52, 'ENG 10', '', 3),
('College Writing in English', 52, 'ENG 2', '', 3),
('College Algebra and Trigonometry', 52, 'MATH 17', '', 3),
('Mathematical Analysis III', 52, 'MATH 28', '', 3),
('Mathematical Analysis I', 52, 'MATH 36', '', 3),
('Mathematical Analysis II', 52, 'MATH 37', '', 3),
('National Service Training Program I', 52, 'NSTP 1', '', 0),
('National Service Training Program II', 52, 'NSTP 2', '', 0),
('Foundations of Physical Fitness', 52, 'PE 1', '', 0),
('Basic Course', 52, 'PE 2', '', 0),
('Advanced Course', 52, 'PE 3', '', 0),
('Elementary Physics', 52, 'PHYS 1', '', 3),
('The Life and Works of Jose Rizal', 52, 'PI 10', '', 3),
('Speech Communication', 52, 'SPCM 1', '', 3),
('Elementary Statistics', 52, 'STAT 1', '', 3),
('Statistical Methods', 52, 'STAT 101', '', 3),
('Logic and Matrix Algebra in Statistics', 52, 'STAT 135', '', 3),
('Introductory Statistical Theory I', 52, 'STAT 144', '', 3),
('Introductory Statistical Theory II', 52, 'STAT 145', '', 3),
('Introductory Statistical Theory III', 52, 'STAT 146', '', 3),
('Introduction to the Theory of Nonparametric Statistics', 52, 'STAT 147', '', 3),
('Applied Regression and Correlation', 52, 'STAT 151', '', 3),
('Introductory Time Series Analysis', 52, 'STAT 156', '', 3),
('Experimental Design', 52, 'STAT 162', '', 3),
('Survey Designs', 52, 'STAT 163', '', 3),
('Categorical Data Analysis', 52, 'STAT 165', '', 3),
('Statistical Quality Control', 52, 'STAT 167', '', 3),
('Experimental Design II', 52, 'STAT 172', '', 3),
('Survey Operations', 52, 'STAT 173', '', 3),
('Analysis of Multivariate Data', 52, 'STAT 175', '', 3),
('Statistical Computing', 52, 'STAT 181', '', 3),
('Statistical Packages', 52, 'STAT 182', '', 3),
('Speical Problems', 52, 'STAT 190', '', 3),
('Special Problems', 52, 'STAT 190a', '', 1),
('Special Problems', 52, 'STAT 190b', '', 2),
('Special Topics', 52, 'STAT 191', '', 3),
('Undergraduate Practicum', 52, 'STAT 198', '', 3),
('Undergraduate Seminar', 52, 'STAT 199', '', 1),
('Undergraduate Thesis', 53, 'ACHM 200a', '', 3),
('Undergraduate Thesis', 53, 'ACHM 200b', '', 3),
('Colloquium in Agriculture', 53, 'AGRI 199', '', 3),
('Computer Programming', 53, 'AMAT 150', '', 3),
('Introduction to Animal Science', 53, 'ANSC 1', '', 3),
('Introduction to Livestock and Poultry Production', 53, 'ANSC 2', '', 3),
('Modelling and Simulation in Environmental Physics', 53, 'APHY 140', '', 3),
('General Biology II', 53, 'BIO 2', '', 3),
('Genetics', 53, 'BIO 30', '', 3),
('Introduction to Plant Science', 53, 'BOT 1', '', 3),
('Elementary Plant Physiology', 53, 'BOT 20', '', 3),
('Physical Chemistry I', 53, 'CHEM 111', '', 3),
('Physical Chemistry I Laboratory', 53, 'CHEM 111.1', '', 2),
('Physical Chemistry II', 53, 'CHEM 112', '', 3),
('Physical Chemistry II Laboratory', 53, 'CHEM 112.1', '', 2),
('Inorganic Chemistry', 53, 'CHEM 120', '', 3),
('Technical Analysis I', 53, 'CHEM 131', '', 4),
('Technical Analysis II', 53, 'CHEM 133', '', 4),
('Modern Analytical Chemistry Laboratory', 53, 'CHEM 137.1', '', 2),
('Organic Analysis', 53, 'CHEM 140', '', 4),
('General Chemistry I', 53, 'CHEM 16', '', 3),
('General Chemistry I Laboratory', 53, 'CHEM 16.1', '', 2),
('General Biochemistry', 53, 'CHEM 161', '', 4),
('General Biochemistry Laboratory', 53, 'CHEM 161.1', '', 2),
('General Chemistry II', 53, 'CHEM 17', '', 3),
('General Chemistry II Laboratory', 53, 'CHEM 17.1', '', 2),
('General Environmental Chemistry', 53, 'CHEM 180', '', 3),
('Structure and Reactivity of Agricultural Chemicals', 53, 'CHEM 185', '', 3),
('Chemical Literature', 53, 'CHEM 192', '', 3),
('Undergraduate Seminar', 53, 'CHEM 199', '', 1),
('Quantitative Inorganic Analysis', 53, 'CHEM 32', '', 3),
('Quantitative Inorganic Analysis Laboratory', 53, 'CHEM 32.1', '', 2),
('Organic Chemistry I', 53, 'CHEM 43', '', 3),
('Organic Chemistry I Laboratory', 53, 'CHEM 43.1', '', 2),
('Organic Chemistry II', 53, 'CHEM 44', '', 3),
('Organic Chemistry II Laboratory', 53, 'CHEM 44.1', '', 2),
('Introduction to Computer Science', 53, 'CMSC 11', '', 3),
('Modern Analytical Chemistry', 53, 'CMSC 137', '', 3),
('Principles of Crop Protection', 53, 'CRPT 1', '', 3),
('Fundamentals of Crop Science II', 53, 'CRSC 2', '', 3),
('Fundamentals of Crop Science I', 53, 'CRSC I', '', 3),
('College English', 53, 'ENG 1', '', 3),
('College Writing in English', 53, 'ENG 2', '', 3),
('Philippine History', 53, 'HIST 1', '', 3),
('College Algebra and Trigonometry', 53, 'MATH 17', '', 3),
('Analytic Geometry and Calculus I', 53, 'MATH 26', '', 3),
('Analytic Geometry and Calculus II', 53, 'MATH 27', '', 3),
('Analytic Geometry and Calculus III', 53, 'MATH 28', '', 3),
('General Microbiology', 53, 'MCB 1', '', 3),
('National Service Training Program I', 53, 'NSTP 1', '', 0),
('National Service Training Program II', 53, 'NSTP 2', '', 0),
('Foundations of Physical Fitness', 53, 'PE 1', '', 0),
('Basic Course', 53, 'PE 2', '', 0),
('Advanced Course', 53, 'PE 3', '', 0),
('General Physics II', 53, 'PHYS 13', '', 3),
('Optics and Modern Physics', 53, 'PHYS 23', '', 3),
('General Physics I', 53, 'PHYS 3', '', 3),
('Principles of Soil Science', 53, 'SOIL 1', '', 3),
('Elementary Statistics', 53, 'STAT 1', '', 3),
('General Zoology', 53, 'ZOO 1', '', 3),
('Mathematical Modeling', 54, 'AMAT 110', '', 3),
('Computer Programming', 54, 'AMAT 150', '', 3),
('Computational Physics', 54, 'PHYS 116', '', 3),
('Introduction to Materials Development', 55, 'APHY 150', '', 3),
('Microscopy and Spectroscopy for Materials Characterization', 55, 'APHY 160', '', 3),
('Solid State Physics', 55, 'PHYS 170', '', 3),
('Electronic Circuits', 56, 'APHY 103', '', 3),
('Digital Computer Electronics', 56, 'APHY 104', '', 3),
('Microcomputer-based Instrumentation', 56, 'APHY 105', '', 3),
('Embedded Systems Programming for instrumentation', 56, 'APHY 132', '', 3);

-- Inserting major subjects for BS Biology Major in Cell and Molecular Biology
-- Degree ID: 37

INSERT INTO `subjects` (`course_name`, `degree_id`, `course_number`, `required_choice`, `number_units`) VALUES
('Cytology', 37, 'BIO 102', 'Required', 3),
('Developmental Cell Biology', 37, 'BIO 121', 'Required', 3),
('Molecular Genetics', 37, 'BIO 138', 'Required', 3),
('General Biochemistry Lab', 37, 'CHEM 160.1', 'Required', 2),
('Fundamentals of Plant Physiology', 37, 'BOT 20', 'Required', 3),
('Microbial Physiology', 37, 'MCB 120', 'Required', 3),
('Animal Physiology', 37, 'ZOO 120', 'Other', 5),
('Advanced Genetics I', 37, 'BIO 130a', 'Other', 3),
('Advanced Geneticsi II', 37, 'BIO 130b', 'Other', 3),
('Cytogenetics', 37, 'BIO 131', 'Other', 3),
('Insect Genetics', 37, 'BIO 137', 'Other', 3),
('Human Genetics', 37, 'BIO 139', 'Other', 3),
('Biological Microtechnique', 37, 'BIO 180', 'Other', 3),
('Special Problem', 37, 'BIO 190', 'Other', 3),
('Special Topic', 37, 'BIO 191', 'Other', 3),
('Elementary Plant Physiology', 37, 'BOT 20', 'Other', 3),
('Phycology', 37, 'BOT 101', 'Other', 3),
('Morphology & Anatomy of Plants', 37, 'BOT 110', 'Other', 3),
('Advanced Plant Physiology', 37, 'BOT 120', 'Other', 3),
('Plant Growth', 37, 'BOT/HORT 132', 'Other', 3),
('Plant Biochemistry', 37, 'CHEM 162', 'Other', 3),
('General Entomology', 37, 'ENT 101', 'Other', 3),
('Insect Physiology', 37, 'ENT 120', 'Other', 3),
('Plant Tissue Culture', 37, 'HORT 113', 'Other', 3),
('Microbial Identification Techniques', 37, 'MCB 101', 'Other', 3),
('General Virology', 37, 'MCB 102', 'Other', 3),
('Introductory Medical Microbiology', 37, 'MCB 103', 'Other', 3),
('Microbial Physiology', 37, 'MCB 120', 'Other', 3),
('Microbial Genetics', 37, 'MCB 130', 'Other', 3),
('General Mycology', 37, 'PPTH 104', 'Other', 3),
('Comparative Vertebrate Anatomy', 37, 'ZOO 113', 'Other', 5),
('Animal Histology', 37, 'ZOO 115', 'Other', 3),
('Developmental Zoology', 37, 'ZOO 117', 'Other', 3),
('Animal Physiology', 37, 'ZOO 120', 'Other', 5);

-- Inserting major subjects for old BS Biology Major in Microbiology
-- Degree ID: 40

INSERT INTO `subjects` (`course_name`, `degree_id`, `course_number`, `required_choice`, `number_units`) VALUES
('Microbial Identification Techniques', 40, 'MCB 101', 'Required', 3),
('General Virology', 40, 'MCB 102', 'Required', 3),
('Microbial Physiology', 40, 'MCB 120', 'Required', 3),
('Microbial Genetics', 40, 'MCB 130', 'Required', 4),
('Microbial Ecology', 40, 'MCB 150', 'Required', 3),
('General Mycology', 40, 'PPATH 104', 'Required', 3),
('Introductory Medical Microbiology', 40, 'MCB 103', 'Other', 3),
('Industrial Microbiology', 40, 'MCB 160', 'Other', 3),
('Industrial Microbiology Laboratory', 40, 'MCB 160.1', 'Other', 2),
('Introductory Food Microbiology', 40, 'MCB 180', 'Other', 3),
('Dairy Microbiology', 40, 'MCB 181', 'Other', 3),
('Advanced Genetics I', 40, 'BIO 130a', 'Other', 3),
('Molecular Genetics', 40, 'BIO 138', 'Other', 3),
('Phycology', 40, 'BOT 101', 'Other', 3),
('Introductory Biochemistry Laboratory', 40, 'CHEM 160.1', 'Other', 3),
('Food Hygiene and Sanitation', 40, 'FST 166', 'Other', 3),
('Introductory Phytobacteriology', 40, 'PPATH 103', 'Other', 3),
('Introductory Plant Virology', 40, 'PPATH 115', 'Other', 3),
('Veterinary Bacteriology and Mycology', 40, 'VMCB 122', 'Other', 3),
('Veterinary Virology', 40, 'VMCB 123', 'Other', 2),
('Fundamentals of Immunology', 40, 'VMCB 124', 'Other', 2),
('Epidemiology', 40, 'VPH 121', 'Other', 3);

-- Inserting major subjects for old BS Biology Major in Plant Biology
-- Degree ID: 41

INSERT INTO `subjects` (`course_name`, `degree_id`, `course_number`, `required_choice`, `number_units`) VALUES
('Elementary Plant Physiology', 41, 'BOT 20', 'Required', 3),
('Morphology and Anatomy of Plants', 41, 'BOT 110', 'Required', 3),
('Systematics of the Spermatophytes', 41, 'BOT 140', 'Required', 3),
('Phytogeography', 41, 'BOT 152', 'Required', 3),
('Phycology', 41, 'BOT 101', 'Other', 3),
('Bryophytes and Vascular Cryptograms', 41, 'BOT 111', 'Other', 3),
('Advance Plant Physiology', 41, 'BOT 120', 'Other', 3),
('Inorganic Plant Nutrition', 41, 'BOT/HORT 131', 'Other', 3),
('Plant Growth', 41, 'BOT/HORT 131', 'Other', 3),
('Economic Botany', 41, 'BOT 142', 'Other', 3),
('Plant Ecology', 41, 'BOT 150', 'Other', 3),
('Special Topics', 41, 'BOT 191', 'Other', 3),
('Plant Histochemistry', 41, 'BOT 192', 'Other', 3),
('Environmental Management', 41, 'BIO 151', 'Other', 3),
('Conservation Biology in the Tropics', 41, 'BIO 159', 'Other', 3),
('Biological Microtechniques', 41, 'BIO 180', 'Other', 3),
('Museum Herbarium Curatorship', 41, 'BIO 192', 'Other', 3),
('Introductory Biochemistry Laboratory', 41, 'CHEM 160.1', 'Other', 2),
('Plant Biochemistry', 41, 'CHEM 162', 'Other', 3),
('General Mycology', 41, 'PPTH 104', 'Other', 3),
('Principles of Plant Breeding', 41, 'AGR 50', 'Other', 3),
('Field Crop Physiology', 41, 'AGR 141', 'Other', 3),
('Plant Tissue Culture', 41, 'HORT 113', 'Other', 3),
('Fundamentals of Crop Science I', 41, 'CRSC 1', 'Other', 3),
('Principles of Soil Science', 41, 'SOIL 1', 'Other', 3),
('Soil Fertility', 41, 'SOIL 150', 'Other', 3),
('Experimental Designs I', 41, 'STAT 162', 'Other', 3),
('Statistics for the Biological Sciences', 41, 'STAT 164', 'Other', 3),
('Fundamentals of Agroforestry', 41, 'SFI 123', 'Other', 3);

-- Inserting major subjects for old BS Biology Major in Ecology
-- Degree ID: 38

INSERT INTO `subjects` (`course_name`, `degree_id`, `course_number`, `required_choice`, `number_units`) VALUES
('Environmental Management', 38, 'BIO 151', 'Required', 3),
('Biology of Pollution', 38, 'BIO 155', 'Required', 3),
('Plant Ecology', 38, 'BIO 150', 'Required', 3),
('Microbial Ecology', 38, 'MCB 150', 'Required', 3),
('Animal Ecology', 38, 'ZOO 150', 'Required', 3),
('Principles of Tropical Water Quality Management', 38, 'AENG 147', 'Other', 3),
('Introduction to Ecological Agriculture', 38, 'AGRI 121', 'Other', 3),
('Advanced Genetics II', 38, 'BIO 130b', 'Other', 3),
('Cave Ecology', 38, 'BIO 154', 'Other', 3),
('Conservation Biology in the Tropics', 38, 'BIO 159', 'Other', 3),
('Special Topics', 38, 'BIO 191', 'Other', 3),
('Elementary Plant Physiology', 38, 'BOT 20', 'Other', 3),
('Phycology', 38, 'BOT 101', 'Other', 3),
('Advanced Plant Physiology', 38, 'BOT 120', 'Other', 3),
('Systematics of Spermatophytes', 38, 'BOT 140', 'Other', 3),
('Phytogeography', 38, 'BOT 152', 'Other', 3),
('Conservation of Natural Resources', 38, 'CERP 122', 'Other', 3),
('Agro-Industrial Waste Management', 38, 'CHE 180', 'Other', 3),
('General Environment Chemistry', 38, 'CHEM 180', 'Other', 3),
('Pollution Chemistry', 38, 'CHEM 181', 'Other', 3),
('General Entemology', 38, 'ENT 101', 'Other', 3),
('Insect Taxonomy', 38, 'ENT 140', 'Other', 3),
('Insect Ecology', 38, 'ENT 151', 'Other', 3),
('Fundamentals of Environmental Forest Management', 38, 'FRM 110', 'Other', 3),
('Man and His Environment', 38, 'HUME 2', 'Other', 3),
('Ecology and Value Systems', 38, 'HUME 102', 'Other', 3),
('Microbial Identification Techniques', 38, 'MCB 101', 'Other', 3),
('Microbial Physiolgoy', 38, 'MCB 120', 'Other', 3),
('Microbial Genetics', 38, 'MCB 130', 'Other', 3),
('General Mycology', 38, 'PPTH 104', 'Other', 3),
('Fundamentals of Agroforestry', 38, 'SFI 123', 'Other', 3),
('Principles of Soil Science', 38, 'SOIL 1', 'Other', 3),
('Soil Fertility', 38, 'SOIL 150', 'Other', 3),
('Experimental Designs I', 38, 'STAT 162', 'Other', 3),
('Statistics of Life Sciences', 38, 'STAT 164', 'Other', 3),
('Introduction to Philippine Wildlife', 38, 'WLDL 101', 'Other', 3),
('Principles of Wildlife Management', 38, 'WLDL 105', 'Other', 3),
('Wildlife Ecology', 38, 'WLDL 155', 'Other', 3),
('Field Practicum', 38, 'WLDL 198', 'Other', 3),
('Comparative Vertebrate Anatomy', 38, 'ZOO 113', 'Other', 3),
('Animal Physiology', 38, 'ZOO 120', 'Other', 5),
('Animal Behavior', 38, 'ZOO 122', 'Other', 3),
('Animal Taxonomy', 38, 'ZOO 140', 'Other', 3),
('Invertebrate Zoology', 38, 'ZOO 142', 'Other', 3),
('Biology of Marine Mammals', 38, 'ZOO 149', 'Other', 3),
('Marine Zoology', 38, 'ZOO 151', 'Other', 3),
('Freshwater Zoology', 38, 'ZOO 152', 'Other', 3),
('General Limnology', 38, 'ZOO 155', 'Other', 3);

-- Inserting major subjects for new BS AgChem Major in Animal Science
-- Degree ID: 61

INSERT INTO `subjects` (`course_name`, `degree_id`, `course_number`, `required_choice`, `number_units`) VALUES
('Swine Production', 61, 'ANSC 111', 'Other', 3),
('Poultry Production', 61, 'ANSC 116', 'Other', 3),
('Beef Production', 61, 'ANSC 121', 'Other', 3),
('Dairy Production', 61, 'ANSC 122', 'Other', 3),
('Livestock and Poultry Feeding', 61, 'ANSC 143', 'Other', 3),
('Principles of Animal Nutrition', 61, 'ANSC 102', 'Other', 3);

-- Inserting major subjects for new BS AgChem Major in Entomology
-- Degree ID: 62

INSERT INTO `subjects` (`course_name`, `degree_id`, `course_number`, `required_choice`, `number_units`) VALUES
('General Entomology', 62, 'ENT 101', 'Other', 3),
('Insect Physiology', 62, 'ENT 120', 'Other', 3),
('Insect Toxicology', 62, 'ENT 125', 'Other', 3),
('Crop Protection Entomology', 62, 'ENT 170', 'Other', 5),
('Biological Control of Insect Pests', 62, 'ENT 172', 'Other', 3),
('Medical and Veterinary Entomology', 62, 'ENT 176', 'Other', 3);

-- Inserting major subjects for new BS AgChem Major in Plant Pathology
-- Degree ID: 63 

INSERT INTO `subjects` (`course_name`, `degree_id`, `course_number`, `required_choice`, `number_units`) VALUES
('Principles of Plant Pathology', 63, 'PPTH 101', 'Other', 3),
('Control of Plant Diseases', 63, 'PPTH 102', 'Other', 3),
('Research in Plant Pathology', 63, 'PPTH 131', 'Other', 3),
('Biological Control of Plant Pathogens', 63, 'PPTH 112', 'Other', 3);

-- Inserting major subjects for new BS AgChem Major in Weed Science
-- Degree ID: 64

INSERT INTO `subjects` (`course_name`, `degree_id`, `course_number`, `required_choice`, `number_units`) VALUES
('Biology of Weeds', 64, 'AGR 132', 'Required', 3),
('Weeds and their Control', 64, 'AGR 133', 'Required', 3),
('Systematics of Spermatophytes', 64, 'BOT 140', 'Other', 3),
('Plant Ecology', 64, 'BOT 150', 'Other', 3),
('Fundamentals of Turfgrass Management', 64, 'HORT 146', 'Other', 3);

-- Inserting major subjects for new BS AgChem Major in Plant Physiology
-- Degree ID: 65

INSERT INTO `subjects` (`course_name`, `degree_id`, `course_number`, `required_choice`, `number_units`) VALUES
('Field Crop Physiology', 65, 'AGR 141', 'Required', 3),
('Plant Growth', 65, 'BOT/HORT 132', 'Required', 3),
('Grain Crops Production', 65, 'AGR 110', 'Other', 3),
('Principles of Annual Crops Production', 65, 'CRSC 101', 'Other', 3),
('Principles of Perennial Crops Production', 65, 'CRSC 102', 'Other', 3);

-- Inserting major subjects for new BS AgChem Major in Soil Science
-- Degree ID: 66

INSERT INTO `subjects` (`course_name`, `degree_id`, `course_number`, `required_choice`, `number_units`) VALUES
('Soil Chemistry', 66, 'SOIL 140', 'Required', 3),
('Fertilizers and their Reaction with Soil', 66, 'SOIL 142', 'Required', 3),
('Soil Physics', 66, 'SOIL 130', 'Other', 3),
('Soil Fertility', 66, 'SOIL 150', 'Other', 3),
('Soil Microbiology', 66, 'SOIL 120', 'Other', 3);

-- Inserting major subjects for new BS AgChem Major in Food Science
-- Degree ID: 67

INSERT INTO `subjects` (`course_name`, `degree_id`, `course_number`, `required_choice`, `number_units`) VALUES
('Food Engineering I', 67, 'FST 130', 'Other', 3),
('Food Processing I', 67, 'FST 140', 'Other', 3),
('Food Processing II', 67, 'FST 141', 'Other', 3),
('Sensory Evaluation of Food Products', 67, 'FST 161', 'Other', 3),
('Principles of Food Safety', 67, 'FST 167', 'Other', 3);

-- Inserting major subjects for new BS AgChem Major in Agricultural Biotechnology
-- Degree ID: 68

INSERT INTO `subjects` (`course_name`, `degree_id`, `course_number`, `required_choice`, `number_units`) VALUES
('Fundamentals of Agricultural Biotechnology', 68, 'ABT 101', 'Required', 3),
('Experimental Techniques in Agricultural Biotechnology I', 68, 'ABT 103', 'Other', 3),
('Experimental Techniques in Agricultural Biotechnology II', 68, 'ABT 104', 'Other', 3),
('Molecular Markers', 68, 'ABT 106', 'Other', 3),
('Recombinant DNA Technology', 68, 'ABT 107', 'Other', 3),
('Issues and Regulation in Agricultural Biotechnology', 68, 'ABT 108', 'Other', 3),
('Fundamentals of Food Biotechnology', 68, 'ABT/FST 115', 'Other', 3),
('Animal Biotechnology', 68, 'ABT 120', 'Other', 3),
('Biotechnology in Crop Production', 68, 'ABT 140', 'Other', 3);

-- Indexes for dumped tables
--

--
-- Indexes for table `committee`
--
ALTER TABLE `committee`
  ADD PRIMARY KEY (`email`);

--
-- Indexes for table `committee_student`
--
ALTER TABLE `committee_student`
  ADD PRIMARY KEY (`committee_email`,`student_number`);

--
-- Indexes for table `degree_curriculums`
--
ALTER TABLE `degree_curriculums`
  ADD PRIMARY KEY (`degree_id`);

--
-- Indexes for table `electives`
--
ALTER TABLE `electives`
  ADD PRIMARY KEY (`course_number`);

--
-- Indexes for table `student`
--
ALTER TABLE `student`
  ADD PRIMARY KEY (`student_number`);

--
-- Indexes for table `student_record`
--
ALTER TABLE `student_record`
  ADD PRIMARY KEY (`id`),
  ADD KEY `student_number` (`student_number`);

--
-- Indexes for table `subjects`
--
ALTER TABLE `subjects`
  ADD PRIMARY KEY (`degree_id`,`course_number`);

--
-- AUTO_INCREMENT for dumped tables
--

--
-- AUTO_INCREMENT for table `degree_curriculums`
--
ALTER TABLE `degree_curriculums`
  MODIFY `degree_id` int(50) NOT NULL AUTO_INCREMENT, AUTO_INCREMENT=114;

--
-- AUTO_INCREMENT for table `student_record`
--
ALTER TABLE `student_record`
  MODIFY `id` int(50) NOT NULL AUTO_INCREMENT, AUTO_INCREMENT=98;

--
-- Constraints for dumped tables
--

--
-- Constraints for table `subjects`
--
ALTER TABLE `subjects`
  ADD CONSTRAINT `Foreign_key` FOREIGN KEY (`degree_id`) REFERENCES `degree_curriculums` (`degree_id`);
COMMIT;

/*!40101 SET CHARACTER_SET_CLIENT=@OLD_CHARACTER_SET_CLIENT */;
/*!40101 SET CHARACTER_SET_RESULTS=@OLD_CHARACTER_SET_RESULTS */;
/*!40101 SET COLLATION_CONNECTION=@OLD_COLLATION_CONNECTION */;
