-- phpMyAdmin SQL Dump
-- version 5.1.3
-- https://www.phpmyadmin.net/
--
-- Host: 127.0.0.1
-- Generation Time: Jun 12, 2022 at 04:44 PM
-- Server version: 10.4.24-MariaDB
-- PHP Version: 7.4.29

SET SQL_MODE = "NO_AUTO_VALUE_ON_ZERO";
START TRANSACTION;
SET time_zone = "+00:00";


/*!40101 SET @OLD_CHARACTER_SET_CLIENT=@@CHARACTER_SET_CLIENT */;
/*!40101 SET @OLD_CHARACTER_SET_RESULTS=@@CHARACTER_SET_RESULTS */;
/*!40101 SET @OLD_COLLATION_CONNECTION=@@COLLATION_CONNECTION */;
/*!40101 SET NAMES utf8mb4 */;

--
-- Database: `gwa_verifier_c1l_db`
--

-- --------------------------------------------------------

--
-- Table structure for table `activity_log`
--

CREATE TABLE `activity_log` (
  `id` int(50) NOT NULL,
  `email` text NOT NULL,
  `date` text NOT NULL,
  `activity` text NOT NULL
) ENGINE=InnoDB DEFAULT CHARSET=utf8mb4;

--
-- Dumping data for table `activity_log`
--

INSERT INTO `activity_log` (`id`, `email`, `date`, `activity`) VALUES
(200, 'CMSC128@C1L.com', '2022/06/05 19:02:53', 'Logged in'),
(201, 'CMSC128@C1L.com', '2022/06/05 19:03:26', 'Added student Student number: 201878212'),
(202, 'CMSC128@C1L.com', '2022/06/05 19:03:33', 'Added student Student number: 201892213'),
(203, 'CMSC128@C1L.com', '2022/06/05 20:43:11', 'Logged in'),
(204, 'CMSC128@C1L.com', '2022/06/05 20:50:00', 'Logged in'),
(205, 'CMSC128@C1L.com', '2022/06/05 23:55:44', 'Edited committee account: CMSC128@C1L.com'),
(206, 'CMSC128@C1L.com', '2022/06/05 23:56:03', 'Logged in'),
(207, 'CMSC128@C1L.com', '2022/06/05 23:56:21', 'Updated record to PENDING Student number: 201892213'),
(208, 'CMSC128@C1L.com', '2022/06/05 23:56:28', 'Updated record to PENDING Student number: 201878212'),
(209, 'CMSC128@C1L.com', '2022/06/05 23:56:30', 'Updated record to SATISFACTORY Student number: 201878212'),
(210, 'CMSC128@C1L.com', '2022/06/06 00:04:25', 'Added student Student number: 201889821'),
(211, 'CMSC128@C1L.com', '2022/06/06 00:08:30', 'Added student Student number: 201831621'),
(212, 'CMSC128@C1L.com', '2022/06/06 00:20:22', 'Added student Student number: 201819982'),
(213, 'CMSC128@C1L.com', '2022/06/06 00:20:32', 'Deleted record  Student number: 201819982'),
(214, 'CMSC128@C1L.com', '2022/06/06 00:21:12', 'Added student Student number: 201819982'),
(215, 'CMSC128@C1L.com', '2022/06/06 00:21:17', 'Deleted student record with  Student number: 201819982'),
(216, 'CMSC128@C1L.com', '2022/06/06 10:48:21', 'Logged in'),
(217, 'CMSC128@C1L.com', '2022/06/06 10:51:13', 'Added student Student number: 202012456'),
(218, 'CMSC128@C1L.com', '2022/06/06 11:06:25', 'Logged in'),
(219, 'CMSC128@C1L.com', '2022/06/06 11:09:45', 'Updated record to UNSATISFACTORY Student number: 201892213'),
(220, 'CMSC128@C1L.com', '2022/06/06 11:09:53', 'Updated record to SATISFACTORY Student number: 201892213'),
(221, 'CMSC128@C1L.com', '2022/06/06 15:30:42', 'Logged in'),
(222, 'CMSC128@C1L.com', '2022/06/06 15:30:51', 'Deleted student record with  Student number: 201831621'),
(223, 'CMSC128@C1L.com', '2022/06/06 15:31:21', 'Added student Student number: 201831621'),
(224, 'CMSC128@C1L.com', '2022/06/06 15:31:59', 'Updated record to PENDING Student number: 201831621'),
(225, 'CMSC128@C1L.com', '2022/06/06 15:32:53', 'Updated record to UNSATISFACTORY Student number: 201831621'),
(226, 'CMSC128@C1L.com', '2022/06/06 15:34:26', 'Updated record to UNSATISFACTORY Student number: 201878212'),
(227, 'CMSC128@C1L.com', '2022/06/06 15:35:10', 'Updated record to SATISFACTORY Student number: 201878212'),
(228, 'CMSC128@C1L.com', '2022/06/06 16:51:41', 'Logged in'),
(229, 'CMSC128@C1L.com', '2022/06/06 16:51:42', 'Logged in'),
(230, 'CMSC128@C1L.com', '2022/06/06 16:52:21', 'Updated record to PENDING Student number: 201831621'),
(231, 'CMSC128@C1L.com', '2022/06/06 16:52:58', 'Updated record to UNCHECKED Student number: 201831621'),
(232, 'CMSC128@C1L.com', '2022/06/06 16:53:45', 'Updated record to PENDING Student number: 201831621'),
(233, 'CMSC128@C1L.com', '2022/06/06 16:55:08', 'Updated record to UNSATISFACTORY Student number: 201831621'),
(234, 'CMSC128@C1L.com', '2022/06/06 17:26:07', 'Logged in'),
(235, 'CMSC128@C1L.com', '2022/06/06 17:26:21', 'Updated record to UNSATISFACTORY Student number: 201878212'),
(236, 'CMSC128@C1L.com', '2022/06/06 17:26:30', 'Updated record to SATISFACTORY Student number: 201878212'),
(237, 'CMSC128@C1L.com', '2022/06/06 17:27:01', 'Deleted student record with  Student number: 202012456'),
(238, 'CMSC128@C1L.com', '2022/06/06 17:27:18', 'Update student Student number: 201831621'),
(239, 'CMSC128@C1L.com', '2022/06/06 17:27:32', 'Updated record to PENDING Student number: 201831621'),
(240, 'CMSC128@C1L.com', '2022/06/06 17:27:40', 'Update student Student number: 201831621'),
(241, 'CMSC128@C1L.com', '2022/06/06 17:27:53', 'Updated record to PENDING Student number: 201831621'),
(242, 'CMSC128@C1L.com', '2022/06/06 17:28:08', 'Update student Student number: 201831621'),
(243, 'CMSC128@C1L.com', '2022/06/06 17:31:35', 'Updated record to PENDING Student number: 201831621'),
(244, 'CMSC128@C1L.com', '2022/06/06 17:31:51', 'Update student Student number: 201831621'),
(245, 'CMSC128@C1L.com', '2022/06/06 17:33:35', 'Update student Student number: 201878212'),
(246, 'CMSC128@C1L.com', '2022/06/06 17:36:36', 'Update student Student number: 201892213'),
(247, 'CMSC128@C1L.com', '2022/06/06 18:15:07', 'Logged in'),
(248, 'CMSC128@C1L.com', '2022/06/06 18:15:39', 'Updated record to PENDING Student number: 201831621'),
(249, 'CMSC128@C1L.com', '2022/06/06 18:15:52', 'Update student Student number: 201831621'),
(250, 'CMSC128@C1L.com', '2022/06/06 18:16:16', 'Deleted student record with  Student number: 201892213'),
(251, 'CMSC128@C1L.com', '2022/06/06 18:16:29', 'Updated record to UNSATISFACTORY Student number: 201831621'),
(252, 'CMSC128@C1L.com', '2022/06/06 18:16:41', 'Update student Student number: 201831621'),
(253, 'CMSC128@C1L.com', '2022/06/06 18:17:00', 'Added student Student number: 201892213'),
(254, 'CMSC128@C1L.com', '2022/06/06 18:17:13', 'Update student Student number: 201892213'),
(255, 'CMSC128@C1L.com', '2022/06/06 18:17:27', 'Update student Student number: 201892213'),
(256, 'CMSC128@C1L.com', '2022/06/06 18:17:33', 'Updated record to PENDING Student number: 201892213'),
(257, 'CMSC128@C1L.com', '2022/06/06 18:17:53', 'Update student Student number: 201892213'),
(258, 'CMSC128@C1L.com', '2022/06/06 18:18:02', 'Updated record to SATISFACTORY Student number: 201892213'),
(259, 'CMSC128@C1L.com', '2022/06/06 18:18:50', 'Added committee account: jafabula@up.edu.ph'),
(260, 'CMSC128@C1L.com', '2022/06/06 18:19:02', 'Deleted committee account: jafabula@up.edu.ph'),
(261, 'CMSC128@C1L.com', '2022/06/06 21:40:05', 'Logged in'),
(262, 'CMSC128@C1L.com', '2022/06/06 22:50:03', 'Added committee account: rcrecario@up.edu.ph'),
(263, 'CMSC128@C1L.com', '2022/06/06 22:50:31', 'Added committee account: jafabula@up.edu.ph'),
(264, 'CMSC128@C1L.com', '2022/06/06 22:51:13', 'Added committee account: kcmartin@up.edu.ph'),
(265, 'CMSC128@C1L.com', '2022/06/06 22:56:47', 'Edited committee account: jafabula@up.edu.ph'),
(266, 'CMSC128@C1L.com', '2022/06/06 23:17:18', 'Deleted committee account: rcrecario@up.edu.ph'),
(267, 'CMSC128@C1L.com', '2022/06/06 23:30:17', 'Added committee account: febejosano@up.edu.ph'),
(268, 'CMSC128@C1L.com', '2022/06/06 23:56:40', 'Logged in'),
(269, 'CMSC128@C1L.com', '2022/06/06 23:57:06', 'Update student Student number: 201831621'),
(270, 'CMSC128@C1L.com', '2022/06/07 18:50:24', 'Logged in'),
(271, 'CMSC128@C1L.com', '2022/06/07 18:50:42', 'Deleted student record with  Student number: 201831621'),
(272, 'CMSC128@C1L.com', '2022/06/07 18:50:50', 'Deleted student record with  Student number: 201878212'),
(273, 'CMSC128@C1L.com', '2022/06/07 18:50:56', 'Deleted student record with  Student number: 201889821'),
(274, 'CMSC128@C1L.com', '2022/06/07 18:51:01', 'Deleted student record with  Student number: 201892213'),
(275, 'CMSC128@C1L.com', '2022/06/07 18:59:09', 'Added student Student number: 201892213'),
(276, 'CMSC128@C1L.com', '2022/06/07 19:00:27', 'Added student Student number: 201878212'),
(277, 'CMSC128@C1L.com', '2022/06/07 19:02:11', 'Added student Student number: 201831621'),
(278, 'CMSC128@C1L.com', '2022/06/07 19:11:06', 'Added student Student number: 201989821'),
(279, 'CMSC128@C1L.com', '2022/06/07 20:01:28', 'Logged in'),
(280, 'CMSC128@C1L.com', '2022/06/07 20:12:15', 'Added student Student number: 201821791'),
(281, 'CMSC128@C1L.com', '2022/06/07 20:13:09', 'Update student Student number: 201821791'),
(282, 'CMSC128@C1L.com', '2022/06/07 20:15:44', 'Deleted student record with  Student number: 201821791'),
(283, 'CMSC128@C1L.com', '2022/06/07 20:26:10', 'Added student Student number: 201806728'),
(284, 'CMSC128@C1L.com', '2022/06/07 20:48:15', 'Deleted student record with  Student number: 201892213'),
(285, 'CMSC128@C1L.com', '2022/06/07 20:52:38', 'Added student Student number: 201892213'),
(286, 'CMSC128@C1L.com', '2022/06/07 20:55:31', 'Deleted student record with  Student number: 201892213'),
(287, 'CMSC128@C1L.com', '2022/06/07 20:55:38', 'Added student Student number: 201892213'),
(288, 'CMSC128@C1L.com', '2022/06/07 20:57:46', 'Deleted record  Student number: 201892213'),
(289, 'CMSC128@C1L.com', '2022/06/07 20:58:14', 'Added student Student number: 201892213'),
(290, 'CMSC128@C1L.com', '2022/06/07 22:12:55', 'Deleted student record with  Student number: 201878212'),
(291, 'CMSC128@C1L.com', '2022/06/07 22:12:58', 'Deleted student record with  Student number: 201831621'),
(292, 'CMSC128@C1L.com', '2022/06/07 22:13:00', 'Deleted student record with  Student number: 201989821'),
(293, 'CMSC128@C1L.com', '2022/06/07 22:13:03', 'Deleted student record with  Student number: 201806728'),
(294, 'CMSC128@C1L.com', '2022/06/07 22:13:33', 'Added student Student number: 201878212'),
(295, 'CMSC128@C1L.com', '2022/06/07 22:18:03', 'Deleted student record with  Student number: 201878212'),
(296, 'CMSC128@C1L.com', '2022/06/07 22:18:09', 'Added student Student number: 201878212'),
(297, 'CMSC128@C1L.com', '2022/06/08 00:45:13', 'Logged in'),
(298, 'CMSC128@C1L.com', '2022/06/08 00:45:13', 'Logged in'),
(299, 'CMSC128@C1L.com', '2022/06/08 00:45:13', 'Logged in'),
(300, 'CMSC128@C1L.com', '2022/06/08 00:53:54', 'Deleted record  Student number: 201892213'),
(301, 'CMSC128@C1L.com', '2022/06/08 00:58:55', 'Added student Student number: 201892213'),
(302, 'CMSC128@C1L.com', '2022/06/09 20:45:45', 'Logged in'),
(303, 'CMSC128@C1L.com', '2022/06/09 20:45:53', 'Deleted student record with  Student number: 201892213'),
(304, 'CMSC128@C1L.com', '2022/06/09 20:47:52', 'Added student Student number: 201892213'),
(305, 'CMSC128@C1L.com', '2022/06/09 21:05:01', 'Deleted student record with  Student number: 201878212'),
(306, 'CMSC128@C1L.com', '2022/06/09 21:15:01', 'Added student Student number: 201878212'),
(307, 'CMSC128@C1L.com', '2022/06/09 21:18:29', 'Deleted student record with  Student number: 201878212'),
(308, 'CMSC128@C1L.com', '2022/06/09 21:20:21', 'Added student Student number: 201878212'),
(309, 'CMSC128@C1L.com', '2022/06/09 21:25:11', 'Added student Student number: 201831621'),
(310, 'CMSC128@C1L.com', '2022/06/09 21:28:21', 'Deleted student record with  Student number: 201831621'),
(311, 'CMSC128@C1L.com', '2022/06/09 21:28:57', 'Added student Student number: 201831621'),
(312, 'CMSC128@C1L.com', '2022/06/09 21:30:10', 'Deleted record  Student number: 201831621'),
(313, 'CMSC128@C1L.com', '2022/06/09 21:30:17', 'Added student Student number: 201831621'),
(314, 'CMSC128@C1L.com', '2022/06/09 21:47:42', 'Logged in'),
(315, 'CMSC128@C1L.com', '2022/06/09 21:58:19', 'Logged in'),
(316, 'CMSC128@C1L.com', '2022/06/09 22:02:48', 'Added student Student number: 201998734'),
(317, 'CMSC128@C1L.com', '2022/06/09 22:25:16', 'Added student Student number: 201989821'),
(318, 'CMSC128@C1L.com', '2022/06/09 22:25:23', 'Deleted student record with  Student number: 201989821'),
(319, 'CMSC128@C1L.com', '2022/06/09 22:27:41', 'Deleted student record with  Student number: 201831621'),
(320, 'CMSC128@C1L.com', '2022/06/09 22:27:51', 'Added student Student number: 201831621'),
(321, 'CMSC128@C1L.com', '2022/06/09 22:32:31', 'Deleted student record with  Student number: 201998734'),
(322, 'CMSC128@C1L.com', '2022/06/09 22:32:43', 'Added student Student number: 201998734'),
(323, 'CMSC128@C1L.com', '2022/06/09 22:33:45', 'Deleted record  Student number: 201998734'),
(324, 'CMSC128@C1L.com', '2022/06/09 22:34:33', 'Added student Student number: 201998734'),
(325, 'CMSC128@C1L.com', '2022/06/09 22:37:33', 'Deleted student record with  Student number: 201998734'),
(326, 'CMSC128@C1L.com', '2022/06/09 22:37:47', 'Added student Student number: 201998734'),
(327, 'CMSC128@C1L.com', '2022/06/09 22:47:18', 'Added student Student number: 201989821'),
(328, 'CMSC128@C1L.com', '2022/06/09 22:49:45', 'Deleted student record with  Student number: 201831621'),
(329, 'CMSC128@C1L.com', '2022/06/09 22:49:55', 'Added student Student number: 201831621'),
(330, 'CMSC128@C1L.com', '2022/06/09 22:53:15', 'Logged in'),
(331, 'CMSC128@C1L.com', '2022/06/09 22:53:33', 'Deleted student record with  Student number: 201998734'),
(332, 'CMSC128@C1L.com', '2022/06/09 22:53:48', 'Added student Student number: 201998734'),
(333, 'CMSC128@C1L.com', '2022/06/09 22:56:27', 'Deleted student record with  Student number: 201989821'),
(334, 'CMSC128@C1L.com', '2022/06/09 22:56:51', 'Added student Student number: 201989821'),
(335, 'CMSC128@C1L.com', '2022/06/09 23:08:59', 'Deleted student record with  Student number: 201989821'),
(336, 'CMSC128@C1L.com', '2022/06/09 23:09:12', 'Added student Student number: 201989821'),
(337, 'CMSC128@C1L.com', '2022/06/09 23:16:29', 'Deleted record  Student number: 201878212'),
(338, 'CMSC128@C1L.com', '2022/06/09 23:21:47', 'Added student Student number: 201878212'),
(339, 'CMSC128@C1L.com', '2022/06/09 23:25:56', 'Deleted record  Student number: 201998734'),
(340, 'CMSC128@C1L.com', '2022/06/09 23:26:06', 'Added student Student number: 201998734'),
(341, 'CMSC128@C1L.com', '2022/06/09 23:26:20', 'Deleted record  Student number: 201892213'),
(342, 'CMSC128@C1L.com', '2022/06/09 23:26:27', 'Added student Student number: 201892213'),
(343, 'CMSC128@C1L.com', '2022/06/10 16:12:29', 'Logged in'),
(344, 'CMSC128@C1L.com', '2022/06/10 16:15:23', 'Logged in'),
(345, 'CMSC128@C1L.com', '2022/06/10 16:17:44', 'Updated record to PENDING Student number: 201878212'),
(346, 'CMSC128@C1L.com', '2022/06/10 16:25:58', 'Logged in'),
(347, 'kcmartin@up.edu.ph', '2022/06/10 16:28:48', 'Logged in'),
(348, 'kcmartin@up.edu.ph', '2022/06/10 16:31:13', 'Updated record to PENDING Student number: 201892213'),
(349, 'kcmartin@up.edu.ph', '2022/06/10 16:31:27', 'Updated record to UNSATISFACTORY Student number: 201892213'),
(350, 'kcmartin@up.edu.ph', '2022/06/10 16:31:29', 'Updated record to SATISFACTORY Student number: 201892213'),
(351, 'kcmartin@up.edu.ph', '2022/06/10 16:35:11', 'Added student Student number: 201908934'),
(352, 'kcmartin@up.edu.ph', '2022/06/10 22:41:25', 'Deleted student record with  Student number: 201908934'),
(353, 'kcmartin@up.edu.ph', '2022/06/10 22:41:34', 'Added student Student number: 201908934'),
(354, 'kcmartin@up.edu.ph', '2022/06/10 23:06:47', 'Added student Student number: 201973952'),
(355, 'kcmartin@up.edu.ph', '2022/06/10 23:07:09', 'Deleted student record with  Student number: 201973952'),
(356, 'kcmartin@up.edu.ph', '2022/06/10 23:15:53', 'Added student Student number: 201973952'),
(357, 'kcmartin@up.edu.ph', '2022/06/10 23:16:55', 'Deleted student record with  Student number: 201973952'),
(358, 'kcmartin@up.edu.ph', '2022/06/10 23:17:02', 'Added student Student number: 201973952'),
(359, 'kcmartin@up.edu.ph', '2022/06/10 23:45:54', 'Deleted record  Student number: 201998734'),
(360, 'kcmartin@up.edu.ph', '2022/06/10 23:46:32', 'Added student Student number: 201998734'),
(361, 'kcmartin@up.edu.ph', '2022/06/10 23:47:02', 'Deleted record  Student number: 201998734'),
(362, 'kcmartin@up.edu.ph', '2022/06/10 23:47:09', 'Added student Student number: 201998734'),
(363, 'CMSC128@C1L.com', '2022/06/11 22:07:33', 'Logged in'),
(364, 'CMSC128@C1L.com', '2022/06/11 22:40:47', 'Added student Student number: 201911807'),
(365, 'CMSC128@C1L.com', '2022/06/11 22:54:04', 'Deleted record  Student number: 201911807'),
(366, 'CMSC128@C1L.com', '2022/06/11 22:57:05', 'Added student Student number: 201911807'),
(367, 'CMSC128@C1L.com', '2022/06/11 23:06:24', 'Deleted student record with  Student number: 201892213'),
(368, 'CMSC128@C1L.com', '2022/06/11 23:07:55', 'Added student Student number: 201892213'),
(369, 'CMSC128@C1L.com', '2022/06/11 23:27:16', 'Updated record to PENDING Student number: 201831621'),
(370, 'CMSC128@C1L.com', '2022/06/12 19:45:55', 'Logged in'),
(371, 'CMSC128@C1L.com', '2022/06/12 19:46:01', 'Deleted student record with  Student number: 201831621'),
(372, 'CMSC128@C1L.com', '2022/06/12 19:47:13', 'Deleted student record with  Student number: 201878212'),
(373, 'CMSC128@C1L.com', '2022/06/12 19:57:45', 'Logged in'),
(374, 'CMSC128@C1L.com', '2022/06/12 19:58:41', 'Deleted student record with  Student number: 201892213'),
(375, 'CMSC128@C1L.com', '2022/06/12 19:59:11', 'Deleted student record with  Student number: 201908934'),
(376, 'CMSC128@C1L.com', '2022/06/12 19:59:17', 'Deleted student record with  Student number: 201911807'),
(377, 'CMSC128@C1L.com', '2022/06/12 19:59:34', 'Deleted student record with  Student number: 201989821'),
(378, 'CMSC128@C1L.com', '2022/06/12 20:04:19', 'Logged in'),
(379, 'CMSC128@C1L.com', '2022/06/12 20:05:33', 'Added student Student number: 201989821'),
(380, 'CMSC128@C1L.com', '2022/06/12 20:05:35', 'Added student Student number: 201831621'),
(381, 'CMSC128@C1L.com', '2022/06/12 20:05:45', 'Added student Student number: 201892213'),
(382, 'CMSC128@C1L.com', '2022/06/12 20:10:10', 'Added student Student number: 201911807'),
(383, 'CMSC128@C1L.com', '2022/06/12 20:15:26', 'Deleted student record with  Student number: 201989821'),
(384, 'CMSC128@C1L.com', '2022/06/12 20:34:26', 'Updated record to PENDING Student number: 201831621'),
(385, 'CMSC128@C1L.com', '2022/06/12 20:34:30', 'Updated record to UNSATISFACTORY Student number: 201831621'),
(386, 'CMSC128@C1L.com', '2022/06/12 20:37:45', 'Updated record to PENDING Student number: 201892213'),
(387, 'CMSC128@C1L.com', '2022/06/12 20:37:47', 'Updated record to SATISFACTORY Student number: 201892213'),
(388, 'CMSC128@C1L.com', '2022/06/12 21:01:02', 'Logged in'),
(389, 'CMSC128@C1L.com', '2022/06/12 21:01:14', 'Deleted student record with  Student number: 201831621'),
(390, 'CMSC128@C1L.com', '2022/06/12 21:01:16', 'Deleted student record with  Student number: 201892213'),
(391, 'CMSC128@C1L.com', '2022/06/12 21:01:18', 'Deleted student record with  Student number: 201911807'),
(392, 'CMSC128@C1L.com', '2022/06/12 21:01:19', 'Deleted student record with  Student number: 201973952'),
(393, 'CMSC128@C1L.com', '2022/06/12 21:01:21', 'Deleted student record with  Student number: 201998734'),
(394, 'CMSC128@C1L.com', '2022/06/12 21:02:43', 'Added student Student number: 201998734'),
(395, 'CMSC128@C1L.com', '2022/06/12 21:02:44', 'Added student Student number: 201892213'),
(396, 'CMSC128@C1L.com', '2022/06/12 21:02:46', 'Added student Student number: 201908934'),
(397, 'CMSC128@C1L.com', '2022/06/12 21:02:48', 'Added student Student number: 201973952'),
(398, 'CMSC128@C1L.com', '2022/06/12 21:03:35', 'Added student Student number: 201911807'),
(399, 'CMSC128@C1L.com', '2022/06/12 21:03:41', 'Added student Student number: 201831621'),
(400, 'CMSC128@C1L.com', '2022/06/12 21:03:47', 'Added student Student number: 201989821'),
(401, 'CMSC128@C1L.com', '2022/06/12 21:03:54', 'Added student Student number: 201878212'),
(402, 'CMSC128@C1L.com', '2022/06/12 21:04:13', 'Update student Student number: 201831621'),
(403, 'CMSC128@C1L.com', '2022/06/12 21:05:14', 'Update student Student number: 201892213'),
(404, 'CMSC128@C1L.com', '2022/06/12 21:12:31', 'Deleted record  Student number: 201878212'),
(405, 'CMSC128@C1L.com', '2022/06/12 21:29:25', 'Added student Student number: 201878212'),
(406, 'CMSC128@C1L.com', '2022/06/12 21:39:28', 'Deleted student record with  Student number: 201989821'),
(407, 'CMSC128@C1L.com', '2022/06/12 21:39:45', 'Added student Student number: 201989821'),
(408, 'CMSC128@C1L.com', '2022/06/12 21:49:33', 'Deleted student record with  Student number: 201989821'),
(409, 'CMSC128@C1L.com', '2022/06/12 21:49:39', 'Added student Student number: 201989821'),
(410, 'CMSC128@C1L.com', '2022/06/12 21:51:17', 'Added student Student number: 201921222'),
(411, 'CMSC128@C1L.com', '2022/06/12 21:56:40', 'Deleted record  Student number: 201921222'),
(412, 'CMSC128@C1L.com', '2022/06/12 22:11:38', 'Added student Student number: 201940998'),
(413, 'CMSC128@C1L.com', '2022/06/12 22:15:01', 'Deleted student record with  Student number: 201940998'),
(414, 'CMSC128@C1L.com', '2022/06/12 22:15:08', 'Added student Student number: 201940998'),
(415, 'CMSC128@C1L.com', '2022/06/12 22:15:38', 'Deleted record  Student number: 201940998'),
(416, 'CMSC128@C1L.com', '2022/06/12 22:15:43', 'Added student Student number: 201940998'),
(417, 'CMSC128@C1L.com', '2022/06/12 22:18:36', 'Deleted student record with  Student number: 201940998'),
(418, 'CMSC128@C1L.com', '2022/06/12 22:18:41', 'Added student Student number: 201940998'),
(419, 'CMSC128@C1L.com', '2022/06/12 22:36:11', 'Added student Student number: 201923534'),
(420, 'CMSC128@C1L.com', '2022/06/12 22:38:59', 'Deleted record  Student number: 201923534'),
(421, 'CMSC128@C1L.com', '2022/06/12 22:40:40', 'Added student Student number: 201923534');

-- --------------------------------------------------------

--
-- Table structure for table `committee`
--

CREATE TABLE `committee` (
  `email` varchar(50) NOT NULL,
  `account_made_by` varchar(50) DEFAULT NULL,
  `password` varchar(100) NOT NULL,
  `lastname` varchar(50) NOT NULL,
  `firstname` varchar(50) NOT NULL,
  `middlename` varchar(50) NOT NULL,
  `suffix` varchar(10) NOT NULL
) ENGINE=InnoDB DEFAULT CHARSET=utf8mb4;

--
-- Dumping data for table `committee`
--

INSERT INTO `committee` (`email`, `account_made_by`, `password`, `lastname`, `firstname`, `middlename`, `suffix`) VALUES
('CMSC128@C1L.com', NULL, '8d969eef6ecad3c29a3a629280e686cf0c3f5d5a86aff3ca12020c923adc6c92', 'Barida', 'Famela', 'D.', ''),
('febejosano@up.edu.ph', 'CMSC128@C1L.com', '0190c71c89a1c4e109301fee4b7fdf1ca58d1c85f44147e3f3ab29a24fd5b3af', 'Bejosano', 'Francis', '', ''),
('jafabula@up.edu.ph', 'CMSC128@C1L.com', '426ad7898ab85d21c36ecf89c6795ce7a948df30e7ddadef319030cde4c0c70b', 'Fabula', 'Xyrk ', '', ''),
('kcmartin@up.edu.ph', 'CMSC128@C1L.com', '5c75ac2c6de2d5fc492405fc09b7c42933085ac8b0308894c6bd0bcfb1187788', 'Martin', 'Keith', '', '');

-- --------------------------------------------------------

--
-- Table structure for table `committee_student`
--

CREATE TABLE `committee_student` (
  `committee_email` varchar(50) NOT NULL,
  `student_number` int(20) NOT NULL,
  `comments` text NOT NULL,
  `comment_id` int(11) NOT NULL
) ENGINE=InnoDB DEFAULT CHARSET=utf8mb4;

-- --------------------------------------------------------

--
-- Table structure for table `degree_curriculums`
--

CREATE TABLE `degree_curriculums` (
  `degree_id` int(50) NOT NULL,
  `degree_name` varchar(50) NOT NULL,
  `degree_nickname` varchar(30) NOT NULL,
  `old_new` varchar(20) NOT NULL,
  `major` varchar(30) NOT NULL,
  `major_units` int(20) NOT NULL,
  `options` varchar(50) NOT NULL,
  `ge_electives_units` int(20) NOT NULL,
  `electives_units` int(20) NOT NULL,
  `recommended_units` int(20) NOT NULL
) ENGINE=InnoDB DEFAULT CHARSET=utf8mb4;

--
-- Dumping data for table `degree_curriculums`
--

INSERT INTO `degree_curriculums` (`degree_id`, `degree_name`, `degree_nickname`, `old_new`, `major`, `major_units`, `options`, `ge_electives_units`, `electives_units`, `recommended_units`) VALUES
(1, 'BA Communication Arts', 'BACA', 'New', '', 21, '', 9, 18, 145),
(2, 'BA Communication Arts', 'BACA', 'New', 'Speech Communication', 21, '', 9, 18, 145),
(3, 'BA Communication Arts', 'BACA', 'New', 'Writing', 21, '', 9, 18, 145),
(4, 'BA Communication Arts', 'BACA', 'New', 'Theater Arts', 21, '', 9, 18, 145),
(5, 'BA Philosophy', 'BAPHLO', 'New', '', 0, '', 9, 24, 132),
(6, 'BA Sociology', 'BASOCIO', 'New', '', 0, '', 9, 21, 136),
(7, 'BS Applied Mathematics', 'BSAMAT', 'New', '', 0, '', 9, 0, 131),
(8, 'BS Applied Physics', 'BSAPHY', 'New', '', 0, '', 9, 21, 143),
(9, 'BS Biology', 'BSBIO', 'New', '', 24, '', 9, 9, 143),
(10, 'BS Biology', 'BSBIO', 'New', 'Cell and Molecular Biology', 24, '', 9, 9, 143),
(11, 'BS Biology', 'BSBIO', 'New', 'Ecology', 24, '', 9, 9, 143),
(12, 'BS Biology', 'BSBIO', 'New', 'Genetics', 24, '', 9, 9, 143),
(13, 'BS Biology', 'BSBIO', 'New', 'Microbiology', 24, '', 9, 9, 143),
(14, 'BS Biology', 'BSBIO', 'New', 'Plant Biology', 24, '', 9, 9, 143),
(15, 'BS Biology', 'BSBIO', 'New', 'Systematics', 24, '', 9, 9, 143),
(16, 'BS Biology', 'BSBIO', 'New', 'Wildlife Biology', 24, '', 9, 9, 143),
(17, 'BS Biology', 'BSBIO', 'New', 'Zoology', 24, '', 9, 9, 143),
(18, 'BS Chemistry', 'BSCHEM', 'New', '', 0, '', 9, 9, 142),
(19, 'BS Computer Science', 'BSCS', 'New', '', 0, '', 9, 0, 130),
(20, 'BS Mathematics', 'BSMATH', 'New', '', 0, '', 9, 0, 131),
(21, 'BS Mathematics & Science Teaching', 'BSMST', 'New', '', 0, '', 9, 0, 0),
(22, 'BS Mathematics & Science Teaching', 'BSMST', 'New', 'Biology', 0, '', 9, 0, 141),
(23, 'BS Mathematics & Science Teaching', 'BSMST', 'New', 'Chemistry', 0, '', 9, 0, 140),
(24, 'BS Mathematics & Science Teaching', 'BSMST', 'New', 'Mathematics', 0, '', 9, 0, 142),
(25, 'BS Mathematics & Science Teaching', 'BSMST', 'New', 'Physics', 0, '', 9, 0, 140),
(26, 'BS Statistics', 'BSSTAT', 'New', '', 0, '', 9, 9, 143),
(27, 'BS Agricultural Chemistry', 'BSAGCHEM', 'New', '', 0, '', 12, 0, 190),
(28, 'BA Communication Arts', 'BACA', 'Old', '', 0, '', 9, 24, 141),
(29, 'BA Communication Arts', 'BACA', 'Old', 'Speech Communication', 0, '', 9, 0, 141),
(30, 'BA Communication Arts', 'BACA', 'Old', 'Writing', 0, '', 9, 0, 141),
(31, 'BA Communication Arts', 'BACA', 'Old', 'Theater Arts', 0, '', 9, 0, 141),
(32, 'BA Philosophy', 'BAPHLO', 'Old', '', 0, '', 0, 0, 0),
(33, 'BA Sociology', 'BASOCIO', 'Old', '', 0, '', 0, 0, 0),
(34, 'BS Applied Mathematics', 'BSAMAT', 'Old', '', 0, '', 33, 0, 145),
(35, 'BS Applied Physics', 'BSAPHY', 'Old', '', 0, '', 27, 9, 0),
(36, 'BS Biology', 'BSBIO', 'Old', '', 0, '', 0, 0, 153),
(37, 'BS Biology', 'BSBIO', 'Old', 'Cell and Molecular Biology', 0, '', 0, 0, 153),
(38, 'BS Biology', 'BSBIO', 'Old', 'Ecology', 0, '', 0, 0, 153),
(39, 'BS Biology', 'BSBIO', 'Old', 'Genetics', 0, '', 0, 0, 153),
(40, 'BS Biology', 'BSBIO', 'Old', 'Microbiology', 0, '', 0, 0, 153),
(41, 'BS Biology', 'BSBIO', 'Old', 'Plant Biology', 0, '', 0, 0, 153),
(42, 'BS Biology', 'BSBIO', 'Old', 'Systematics', 0, '', 0, 0, 153),
(43, 'BS Biology', 'BSBIO', 'Old', 'Wildlife Biology and Zoology', 0, '', 0, 0, 153),
(44, 'BS Chemistry', 'BSCHEM', 'Old', '', 0, '', 18, 0, 160),
(45, 'BS Computer Science', 'BSCS', 'Old', '', 0, '', 18, 0, 141),
(46, 'BS Mathematics', 'BSMATH', 'Old', '', 0, 'SP', 18, 21, 139),
(47, 'BS Mathematics and Science Teaching', 'BSMST', 'Old', '', 0, '', 18, 0, 0),
(48, 'BS Mathematics and Science Teaching', 'BSMST', 'Old', 'Mathematics', 0, '', 18, 0, 144),
(49, 'BS Mathematics and Science Teaching', 'BSMST', 'Old', 'Biology', 0, '', 18, 0, 146),
(50, 'BS Mathematics and Science Teaching', 'BSMST', 'Old', 'Chemistry', 0, '', 18, 0, 145),
(51, 'BS Mathematics and Science Teaching', 'BSMST', 'Old', 'Physics', 0, '', 18, 0, 141),
(52, 'BS Statistics', 'BSSTAT', 'Old', '', 0, '', 18, 0, 143),
(53, 'BS Agricultural Chemistry', 'BSAGCHEM', 'Old', '', 0, '', 18, 0, 194),
(54, 'BS Applied Physics', 'BSAPHY', 'Old', 'Computational Physics', 0, '', 0, 0, 0),
(55, 'BS Applied Physics', 'BSAPHY', 'Old', 'Experimental Physics', 0, '', 0, 0, 0),
(56, 'BS Applied Physics', 'BSAPHY', 'Old', 'Instrumentation Physics', 0, '', 0, 0, 0),
(57, 'BS Computer Science', 'BSCS', 'New', '', 0, 'SP', 9, 18, 130),
(58, 'BS Computer Science', 'BSCS', 'New', '', 0, 'Thesis', 9, 15, 130),
(59, 'BS Mathematics', 'BSMATH', 'New', '', 0, 'SP', 9, 18, 131),
(60, 'BS Mathematics', 'BSMATH', 'New', '', 0, 'Thesis', 9, 15, 131),
(61, 'BS Agricultural Chemistry', 'BSAGCHEM', 'New', 'Animal Science', 15, '', 12, 0, 190),
(62, 'BS Agricultural Chemistry', 'BSAGCHEM', 'New', 'Entomology', 15, '', 12, 0, 190),
(63, 'BS Agricultural Chemistry', 'BSAGCHEM', 'New', 'Plant Pathology', 15, '', 12, 0, 190),
(64, 'BS Agricultural Chemistry', 'BSAGCHEM', 'New', 'Weed Science', 15, '', 12, 0, 190),
(65, 'BS Agricultural Chemistry', 'BSAGCHEM', 'New', 'Plant Physiology', 15, '', 12, 0, 190),
(66, 'BS Agricultural Chemistry', 'BSAGCHEM', 'New', 'Soil Science', 15, '', 12, 0, 190),
(67, 'BS Agricultural Chemistry', 'BSAGCHEM', 'New', 'Food Science', 15, '', 12, 0, 190),
(68, 'BS Agricultural Chemistry', 'BSAGCHEM', 'New', 'Agricultural Biotechnology', 15, '', 12, 0, 190),
(69, 'BS Computer Science', 'BSCS', 'Old', '', 0, 'Thesis', 18, 9, 141),
(70, 'BS Mathematics', 'BSMATH', 'Old', '', 0, 'Thesis', 18, 12, 139),
(71, 'BS Computer Science', 'BSCS', 'Old', '', 0, 'SP', 18, 12, 141),
(114, 'BA Philosophy', 'BAPHLO', 'New', '', 0, 'SP', 9, 33, 132),
(115, 'BA Philosophy', 'BAPHLO', 'New', '', 0, 'Thesis', 9, 33, 132),
(116, 'BS Applied Mathematics', 'BSAMAT', 'New', '', 0, 'SP', 9, 27, 131),
(117, 'BS Applied Mathematics', 'BSAMAT', 'New', '', 0, 'Thesis', 9, 24, 131);

-- --------------------------------------------------------

--
-- Table structure for table `electives`
--

CREATE TABLE `electives` (
  `course_number` varchar(50) NOT NULL,
  `course_name` varchar(80) NOT NULL,
  `general_or_free` varchar(50) NOT NULL,
  `number_units` int(20) NOT NULL
) ENGINE=InnoDB DEFAULT CHARSET=utf8mb4;

--
-- Dumping data for table `electives`
--

INSERT INTO `electives` (`course_number`, `course_name`, `general_or_free`, `number_units`) VALUES
('FRCH 10', 'Elementary French I', 'Free', 3),
('FRCH 11', 'Elementary French II', 'Free', 3),
('HIST 110', 'The Philippine Presidency', 'Free', 3),
('HIST 140', 'Philippine Revolutionary Tradition', 'Free', 3),
('HIST 150', 'Modern Nationalism and Imperialism', 'Free', 3),
('HIST 151', 'American Colonialism and Imperialism in the Philippines', 'Free', 3),
('HUM 3', 'Reading Film, TV, and Internet', 'general', 3),
('JAP 10', 'Elementary Japanese I', 'Free', 3),
('JAP 11', 'Elementary Japanese II', 'Free', 3),
('KAS 4', 'Ang Kababaihan sa Kasaysayan ng Pilipinas', 'general', 3),
('MATH 10', 'Mathematics, Culture, and Society', 'general', 3),
('PHILARTS 1', 'Philippine Arts and Culture', 'general', 3),
('PHLO 1', 'Understanding Philosophy', 'general', 3),
('POSC 112', 'Politics of Development', 'Free', 3),
('POSC 14', 'Philippine Politics and Governance', 'Free', 3),
('POSC 141', 'Political Ideologies', 'Free', 3),
('POSC 161', 'Political Parties and Interest Groups', 'Free', 3),
('POSC 165', 'Contemporary Philippine Politics', 'Free', 3),
('POSC 180', 'Global Politics', 'Free', 3),
('PS 21', 'Wika, Panitikan at Kultura sa ilalim ng Batas Militar sa Pilipinas', 'general', 3),
('SAS 1', 'Self and Society', 'general', 3),
('SCIENCE 10', 'Probing the Physical World', 'general', 3),
('SCIENCE 11', 'Living Systems: Concepts and Dynamics', 'general', 3),
('SOSC 3', 'Exploring Gender and Sexuality', 'general', 3),
('SPAN 10', 'Elementary Spanish I', 'Free', 3),
('SPAN 11', 'Elementary Spanish II', 'Free', 3),
('WIKA 1', 'Wika, Kultura at Lipunan', 'general', 3);

-- --------------------------------------------------------

--
-- Table structure for table `student`
--

CREATE TABLE `student` (
  `student_number` int(20) NOT NULL,
  `lastname` varchar(50) NOT NULL,
  `firstname` varchar(50) NOT NULL,
  `middlename` varchar(50) DEFAULT NULL,
  `suffix` varchar(10) DEFAULT NULL,
  `degree_program` varchar(50) NOT NULL,
  `recommended_number_units` int(20) NOT NULL,
  `credited_units` int(20) NOT NULL,
  `gwa` float NOT NULL,
  `status` varchar(20) DEFAULT NULL
) ENGINE=InnoDB DEFAULT CHARSET=utf8mb4;

--
-- Dumping data for table `student`
--

INSERT INTO `student` (`student_number`, `lastname`, `firstname`, `middlename`, `suffix`, `degree_program`, `recommended_number_units`, `credited_units`, `gwa`, `status`) VALUES
(201831621, 'Abrigo', 'Girlie', '', '', 'BASOCIO', 136, 0, 2.12593, 'UNCHECKED'),
(201878212, 'Hontiveros', 'Risa', '', '', 'BSAMAT', 131, 130, 1.41923, 'UNCHECKED'),
(201892213, 'Luna', 'Juan', '', '', 'BSCS', 130, 0, 1.34302, 'UNCHECKED'),
(201908934, 'HORFORD', 'AL', '', '', 'BSBIO', 143, 142, 1.26232, 'UNCHECKED'),
(201911807, 'Mercado', 'Jillian', '', '', 'BSAGCHEM', 190, 188, 1.77128, 'UNCHECKED'),
(201923534, 'Custodio', 'Ellis', '', '', 'BSMATH', 131, 127, 2.02756, 'UNCHECKED'),
(201940998, 'Flores', 'Nathaniel', '', '', 'BSCHEM', 142, 141, 1.93085, 'UNCHECKED'),
(201973952, 'O\'NEAL', 'SHAQUILLE', '', '', 'BSAPHY', 143, 142, 1, 'UNCHECKED'),
(201989821, 'Clara', 'Maria', '', '', 'BAPHLO', 132, 132, 2.13068, 'UNCHECKED'),
(201998734, 'JOHNSON', 'MAGIC', '', '', 'BSSTAT', 143, 139, 1.23201, 'UNCHECKED');

-- --------------------------------------------------------

--
-- Table structure for table `student_record`
--

CREATE TABLE `student_record` (
  `id` int(50) NOT NULL,
  `student_number` int(20) NOT NULL,
  `course_number` varchar(20) NOT NULL,
  `grade` varchar(30) NOT NULL,
  `units` varchar(50) NOT NULL,
  `enrolled` float NOT NULL,
  `running_total` double NOT NULL,
  `term` text NOT NULL
) ENGINE=InnoDB DEFAULT CHARSET=utf8mb4;

--
-- Dumping data for table `student_record`
--

INSERT INTO `student_record` (`id`, `student_number`, `course_number`, `grade`, `units`, `enrolled`, `running_total`, `term`) VALUES
(325650, 201998734, 'ETHICS 1', '1', '3', 3, 3, 'I/18/19'),
(325651, 201998734, 'KAS 1', '2', '3', 6, 9, 'I/18/19'),
(325652, 201998734, 'MATH 27', '1', '3', 3, 12, 'I/18/19'),
(325653, 201998734, 'STAT 101', '1', '3', 3, 15, 'I/18/19'),
(325654, 201998734, 'STAT 135', '1', '3', 3, 18, 'I/18/19'),
(325655, 201998734, 'HK 11', '1', '0', 0, 18, 'I/18/19'),
(325656, 201998734, 'BIO 30', '1.5', '3', 4.5, 22.5, 'I/18/19'),
(325657, 201998734, 'ARTS 1', '1', '3', 3, 25.5, 'II/18/19'),
(325658, 201998734, 'MATH 10', '1', '3', 3, 28.5, 'II/18/19'),
(325659, 201998734, 'MATH 28', '1', '3', 3, 31.5, 'II/18/19'),
(325660, 201998734, 'CMSC 12', '2.5', '3', 7.5, 39, 'II/18/19'),
(325661, 201998734, 'STAT 162', '1', '3', 3, 42, 'II/18/19'),
(325662, 201998734, 'STAT 182', '1', '3', 3, 45, 'II/18/19'),
(325663, 201998734, 'HK 12', '1', '0', 0, 45, 'II/18/19'),
(325664, 201998734, 'STS 1', '1', '3', 3, 48, 'I/19/20'),
(325665, 201998734, 'PHILARTS 1', '2', '3', 6, 54, 'I/19/20'),
(325666, 201998734, 'CMSC 21', '1', '3', 3, 57, 'I/19/20'),
(325667, 201998734, 'ECON 11', '1', '3', 3, 60, 'I/19/20'),
(325668, 201998734, 'STAT 144', '1', '3', 3, 63, 'I/19/20'),
(325669, 201998734, 'STAT 168', '1', '3', 3, 66, 'I/19/20'),
(325670, 201998734, 'HK 12', '1', '0', 0, 66, 'I/19/20'),
(325671, 201998734, 'NSTP 1', '1', '0', 0, 66, 'I/19/20'),
(325672, 201998734, 'SAS 1', '1', '3', 3, 69, 'II/19/20'),
(325673, 201998734, 'MATH 182', '2', '3', 6, 75, 'II/19/20'),
(325674, 201998734, 'CMSC 22', '1', '3', 3, 78, 'II/19/20'),
(325675, 201998734, 'ABME 10', '1', '3', 3, 81, 'II/19/20'),
(325676, 201998734, 'STAT 145', '1.75', '3', 5.25, 86.25, 'II/19/20'),
(325677, 201998734, 'STAT 163', '1', '3', 3, 89.25, 'II/19/20'),
(325678, 201998734, 'HK 12', '1', '0', 0, 89.25, 'II/19/20'),
(325679, 201998734, 'NSTP 2', '1', '0', 0, 89.25, 'II/19/20'),
(325680, 201998734, 'COMM 10', '1', '3', 3, 92.25, 'I/20/21'),
(325681, 201998734, 'AMAT 170', '1', '3', 3, 95.25, 'I/20/21'),
(325682, 201998734, 'STAT 146', '1', '3', 3, 98.25, 'I/20/21'),
(325683, 201998734, 'STAT 173', '1', '3', 3, 101.25, 'I/20/21'),
(325684, 201998734, 'STAT 175', '1', '3', 3, 104.25, 'I/20/21'),
(325685, 201998734, 'STAT 181', '1', '3', 3, 107.25, 'I/20/21'),
(325686, 201998734, 'AMAT 171', '2', '3', 6, 113.25, 'II/20/21'),
(325687, 201998734, 'CMSC 127', '1', '3', 3, 116.25, 'II/20/21'),
(325688, 201998734, 'STAT 147', '1', '3', 3, 119.25, 'II/20/21'),
(325689, 201998734, 'STAT 151', '3', '3', 9, 128.25, 'II/20/21'),
(325690, 201998734, 'STAT 156', '1', '3', 3, 131.25, 'II/20/21'),
(325691, 201998734, 'STAT 174', '2.25', '3', 6.75, 138, 'II/20/21'),
(325692, 201998734, 'STAT 192.1', '1', '1', 1, 139, 'II/20/21'),
(325693, 201998734, 'STAT 198', '1', '3', 3, 142, 'M/20/21'),
(325694, 201998734, 'ENG 10', '1.75', '3', 5.25, 147.25, 'I/21/22'),
(325695, 201998734, 'STAT 148', '1', '3', 3, 150.25, 'I/21/22'),
(325696, 201998734, 'STAT 165', '1', '3', 3, 153.25, 'I/21/22'),
(325697, 201998734, 'STAT 190', 'S', '0', 0, 153.25, 'I/21/22'),
(325698, 201998734, 'STAT 191', '1', '3', 3, 156.25, 'I/21/22'),
(325699, 201998734, 'PI 10', '1', '3', 3, 159.25, 'II/21/22'),
(325700, 201998734, 'STAT 157', '1', '3', 3, 162.25, 'II/21/22'),
(325701, 201998734, 'STAT 167', '1', '3', 3, 165.25, 'II/21/22'),
(325702, 201998734, 'STAT 183', '1', '3', 3, 168.25, 'II/21/22'),
(325703, 201998734, 'STAT 190', '1', '(1)3', 3, 171.25, 'II/21/22'),
(325704, 201998734, 'STAT 199', 'S', '1', 0, 171.25, 'II/21/22'),
(325705, 201892213, 'CMSC 12', '1', '3', 3, 3, 'I/18/19'),
(325706, 201892213, 'CMSC 56', '1.75', '3', 5.25, 8.25, 'I/18/19'),
(325707, 201892213, 'ETHICS 1', '1.25', '3', 3.75, 12, 'I/18/19'),
(325708, 201892213, 'MATH 27', '1.25', '3', 3.75, 15.75, 'I/18/19'),
(325709, 201892213, 'STS 1', '1.25', '3', 3.75, 19.5, 'I/18/19'),
(325710, 201892213, 'HK 11', '1', '0', 0, 19.5, 'I/18/19'),
(325711, 201892213, 'ARTS 1', '1.75', '3', 5.25, 24.75, 'II/18/19'),
(325712, 201892213, 'CMSC 21', '1.75', '3', 5.25, 30, 'II/18/19'),
(325713, 201892213, 'CMSC 57', '1', '3', 3, 33, 'II/18/19'),
(325714, 201892213, 'MATH 28', '1', '3', 3, 36, 'II/18/19'),
(325715, 201892213, 'KAS 1', '1', '3', 3, 39, 'II/18/19'),
(325716, 201892213, 'HK 12', '1.75', '0', 0, 39, 'II/18/19'),
(325717, 201892213, 'CMSC 22', '1.75', '3', 5.25, 44.25, 'I/19/20'),
(325718, 201892213, 'CMSC 123', '1.25', '3', 3.75, 48, 'I/19/20'),
(325719, 201892213, 'CMSC 130', '1.25', '3', 3.75, 51.75, 'I/19/20'),
(325720, 201892213, 'CMSC 150', '1.5', '3', 4.5, 56.25, 'I/19/20'),
(325721, 201892213, 'PI 10', '1.75', '3', 5.25, 61.5, 'I/19/20'),
(325722, 201892213, 'HK 12', '1.5', '0', 0, 61.5, 'I/19/20'),
(325723, 201892213, 'NSTP 1', '1', '0', 0, 61.5, 'I/19/20'),
(325724, 201892213, 'CMSC 23', '1', '3', 3, 64.5, 'II/19/20'),
(325725, 201892213, 'CMSC 100', '1.25', '3', 3.75, 68.25, 'II/19/20'),
(325726, 201892213, 'CMSC 127', '1.75', '3', 5.25, 73.5, 'II/19/20'),
(325727, 201892213, 'CMSC 131', '1.5', '3', 4.5, 78, 'II/19/20'),
(325728, 201892213, 'SOSC 3', '1.5', '3', 4.5, 82.5, 'II/19/20'),
(325729, 201892213, 'STAT 101', '1.5', '3', 4.5, 87, 'II/19/20'),
(325730, 201892213, 'HK 13', '1', '0', 0, 87, 'II/19/20'),
(325731, 201892213, 'NSTP 2', '1', '0', 0, 87, 'II/19/20'),
(325732, 201892213, 'COMM 10', '1.5', '3', 4.5, 91.5, 'I/20/21'),
(325733, 201892213, 'CMSC 124', '1.5', '3', 4.5, 96, 'I/20/21'),
(325734, 201892213, 'CMSC 125', '1.75', '3', 5.25, 101.25, 'I/20/21'),
(325735, 201892213, 'CMSC 132', '1.25', '3', 3.75, 105, 'I/20/21'),
(325736, 201892213, 'CMSC 170', '1.75', '3', 5.25, 110.25, 'I/20/21'),
(325737, 201892213, 'CMSC 141', '1.25', '3', 3.75, 114, 'I/20/21'),
(325738, 201892213, 'CMSC 128', '1.75', '3', 5.25, 119.25, 'II/20/21'),
(325739, 201892213, 'CMSC 137', '1', '3', 3, 122.25, 'II/20/21'),
(325740, 201892213, 'CMSC 142', '1.5', '3', 4.5, 126.75, 'II/20/21'),
(325741, 201892213, 'CMSC 173', '1', '3', 3, 129.75, 'II/20/21'),
(325742, 201892213, 'CMSC 180', '1.75', '3', 5.25, 135, 'II/20/21'),
(325743, 201892213, 'PHILARTS 1', '1', '3', 3, 138, 'II/20/21'),
(325744, 201892213, 'CMSC 198', '1', '3', 3, 141, 'M/20/21'),
(325745, 201892213, 'CMSC 199', 'S', '1', 0, 141, 'I/21/22'),
(325746, 201892213, 'CMSC 200', 'S', '3', 0, 141, 'I/21/22'),
(325747, 201892213, 'ENG 10', '1.75', '3', 5.25, 146.25, 'I/21/22'),
(325748, 201892213, 'MATH 10', '1', '3', 3, 149.25, 'I/21/22'),
(325749, 201892213, 'SPAN 10', '1', '3', 3, 152.25, 'I/21/22'),
(325750, 201892213, 'JAP 11', '1.5', '3', 4.5, 156.75, 'II/21/22'),
(325751, 201892213, 'CMSC 200', '1', '(1)6', 6, 162.75, 'II/21/22'),
(325752, 201892213, 'CMSC 191', '1', '3', 3, 165.75, 'II/21/22'),
(325753, 201892213, 'BIO 150', '1.5', '3', 4.5, 170.25, 'II/21/22'),
(325754, 201892213, 'SOC 100', '1', '3', 3, 173.25, 'II/21/22'),
(325755, 201908934, 'ARTS 1', '1', '3', 3, 3, 'I/18/19'),
(325756, 201908934, 'KAS 1', '3', '3', 9, 12, 'I/18/19'),
(325757, 201908934, 'STS 1', '1', '3', 3, 15, 'I/18/19'),
(325758, 201908934, 'MATH 25', '1', '3', 3, 18, 'I/18/19'),
(325759, 201908934, 'MCB 11', '1', '3', 3, 21, 'I/18/19'),
(325760, 201908934, 'HK 11', '1', '0', 0, 21, 'I/18/19'),
(325761, 201908934, 'CHEM 18', '3', '3', 9, 30, 'I/18/19'),
(325762, 201908934, 'BIO 11.1', '1', '2', 2, 32, 'II/18/19'),
(325763, 201908934, 'CHEM 18.1', '3', '2', 6, 38, 'II/18/19'),
(325764, 201908934, 'BIO 30', '1', '3', 3, 41, 'II/18/19'),
(325765, 201908934, 'PI 10', '1', '3', 3, 44, 'II/18/19'),
(325766, 201908934, 'SAS 1', '1', '3', 3, 47, 'II/18/19'),
(325767, 201908934, 'PHILARTS 1', '1', '3', 3, 50, 'II/18/19'),
(325768, 201908934, 'HK 12', '1', '0', 0, 50, 'II/18/19'),
(325769, 201908934, 'CHEM 40', '1', '4', 4, 54, 'M/18/19'),
(325770, 201908934, 'CHEM 40.1', '1', '1', 1, 55, 'M/18/19'),
(325771, 201908934, 'BIO 14', '1', '5', 5, 60, 'I/19/20'),
(325772, 201908934, 'BOT 14', '1.5', '3', 4.5, 64.5, 'I/19/20'),
(325773, 201908934, 'ZOO 14', '1', '3', 3, 67.5, 'I/19/20'),
(325774, 201908934, 'CHEM 160', '1', '3', 3, 70.5, 'I/19/20'),
(325775, 201908934, 'BIO 150', '1', '4', 4, 74.5, 'I/19/20'),
(325776, 201908934, 'HK 12', '1', '0', 0, 74.5, 'I/19/20'),
(325777, 201908934, 'NSTP 1', '1', '0', 0, 74.5, 'I/19/20'),
(325778, 201908934, 'PHYS 51', '2', '4', 8, 82.5, 'II/19/20'),
(325779, 201908934, 'PHYS 51.1', '1', '1', 1, 83.5, 'II/19/20'),
(325780, 201908934, 'BIO 101', '1', '3', 3, 86.5, 'II/19/20'),
(325781, 201908934, 'CHEM 160.1', '1', '2', 2, 88.5, 'II/19/20'),
(325782, 201908934, 'BIO 140', '1', '3', 3, 91.5, 'II/19/20'),
(325783, 201908934, 'MATH 10', '2.75', '3', 8.25, 99.75, 'II/19/20'),
(325784, 201908934, 'ABME 10', '1', '3', 3, 102.75, 'II/19/20'),
(325785, 201908934, 'HK 12', '1', '0', 0, 102.75, 'II/19/20'),
(325786, 201908934, 'NSTP 2', '1', '0', 0, 102.75, 'II/19/20'),
(325787, 201908934, 'STAT 164', '1', '3', 3, 105.75, 'I/20/21'),
(325788, 201908934, 'BIO 120', '1', '3', 3, 108.75, 'I/20/21'),
(325789, 201908934, 'BIO 142', '1', '3', 3, 111.75, 'I/20/21'),
(325790, 201908934, 'COMM 10', '2.5', '3', 7.5, 119.25, 'I/20/21'),
(325791, 201908934, 'BIO 151', '1', '3', 3, 122.25, 'I/20/21'),
(325792, 201908934, 'BIO 155', '1', '3', 3, 125.25, 'I/20/21'),
(325793, 201908934, 'BIO 195', '1', '3', 3, 128.25, 'II/20/21'),
(325794, 201908934, 'BIO 127', '1', '3', 3, 131.25, 'II/20/21'),
(325795, 201908934, 'ETHICS 1', '1', '3', 3, 134.25, 'II/20/21'),
(325796, 201908934, 'BOT 150', '2', '3', 6, 140.25, 'II/20/21'),
(325797, 201908934, 'MCB 150', '1', '3', 3, 143.25, 'II/20/21'),
(325798, 201908934, 'SPAN 10', '1', '3', 3, 146.25, 'II/20/21'),
(325799, 201908934, 'BIO 198', '1', '3', 3, 149.25, 'M/20/21'),
(325800, 201908934, 'COMA 150', '2', '3', 6, 155.25, 'I/21/22'),
(325801, 201908934, 'BIO 199', 'S', '1', 0, 155.25, 'I/21/22'),
(325802, 201908934, 'ZOO 150', '1', '3', 3, 158.25, 'I/21/22'),
(325803, 201908934, 'AGRI 51', '1', '3', 3, 161.25, 'I/21/22'),
(325804, 201908934, 'AGRI 121', '1', '3', 3, 164.25, 'I/21/22'),
(325805, 201908934, 'JAP 10', '1', '3', 3, 167.25, 'I/21/22'),
(325806, 201908934, 'BIO 200', 'S', '0', 0, 167.25, 'I/21/22'),
(325807, 201908934, 'BIO 125', '1', '3', 3, 170.25, 'II/21/22'),
(325808, 201908934, 'BIO 134', '1', '3', 3, 173.25, 'II/21/22'),
(325809, 201908934, 'BIO 200', '1', '(1)6', 6, 179.25, 'II/21/22'),
(325810, 201973952, 'ARTS 1', '1', '3', 3, 3, 'I/18/19'),
(325811, 201973952, 'KAS 1', '1', '3', 3, 6, 'I/18/19'),
(325812, 201973952, 'MATH 27', '1', '3', 3, 9, 'I/18/19'),
(325813, 201973952, 'PHYS 101', '1', '4', 4, 13, 'I/18/19'),
(325814, 201973952, 'CHEM 18', '1', '3', 3, 16, 'I/18/19'),
(325815, 201973952, 'HK 11', '1', '0', 0, 16, 'I/18/19'),
(325816, 201973952, 'CHEM 18.1', '1', '2', 2, 18, 'I/18/19'),
(325817, 201973952, 'PHYS 102', '1', '4', 4, 22, 'II/18/19'),
(325818, 201973952, 'MATH 10', '1', '3', 3, 25, 'II/18/19'),
(325819, 201973952, 'MATH 28', '1', '3', 3, 28, 'II/18/19'),
(325820, 201973952, 'PHYS 111', '1', '4', 4, 32, 'II/18/19'),
(325821, 201973952, 'COMA 150', '1', '3', 3, 35, 'II/18/19'),
(325822, 201973952, 'HK 12', '1', '0', 0, 35, 'II/18/19'),
(325823, 201973952, 'APHY 10.1', '1', '1', 1, 36, 'I/19/20'),
(325824, 201973952, 'PHILARTS 1', '1', '3', 3, 39, 'I/19/20'),
(325825, 201973952, 'APHY 101', '1', '3', 3, 42, 'I/19/20'),
(325826, 201973952, 'PHYS 103', '1', '4', 4, 46, 'I/19/20'),
(325827, 201973952, 'PHYS 112', '1', '4', 4, 50, 'I/19/20'),
(325828, 201973952, 'ETHICS 1', '1', '3', 3, 53, 'I/19/20'),
(325829, 201973952, 'HK 12', '1', '0', 0, 53, 'I/19/20'),
(325830, 201973952, 'NSTP 1', '1', '0', 0, 53, 'I/19/20'),
(325831, 201973952, 'SAS 1', '1', '3', 3, 56, 'II/19/20'),
(325832, 201973952, 'PHYS 104', '1', '4', 4, 60, 'II/19/20'),
(325833, 201973952, 'PHYS 113', '1', '4', 4, 64, 'II/19/20'),
(325834, 201973952, 'PHYS 121', '1', '3', 3, 67, 'II/19/20'),
(325835, 201973952, 'PHYS 131', '1', '3', 3, 70, 'II/19/20'),
(325836, 201973952, 'HK 13', '1', '0', 0, 70, 'II/19/20'),
(325837, 201973952, 'NSTP 2', '1', '0', 0, 70, 'II/19/20'),
(325838, 201973952, 'APHY 102', '1', '3', 3, 73, 'I/20/21'),
(325839, 201973952, 'PHYS 115', '1', '4', 4, 77, 'I/20/21'),
(325840, 201973952, 'PHYS 122', '1', '3', 3, 80, 'I/20/21'),
(325841, 201973952, 'PHYS 132', '1', '3', 3, 83, 'I/20/21'),
(325842, 201973952, 'PHYS 192.1', '1', '2', 2, 85, 'I/20/21'),
(325843, 201973952, 'PI 10', '1', '3', 3, 88, 'I/20/21'),
(325844, 201973952, 'PHYS 141', '1', '3', 3, 91, 'II/20/21'),
(325845, 201973952, 'PHYS 151', '1', '3', 3, 94, 'II/20/21'),
(325846, 201973952, 'PHYS 165', '1', '3', 3, 97, 'II/20/21'),
(325847, 201973952, 'PHYS 195', '1', '3', 3, 100, 'II/20/21'),
(325848, 201973952, 'COMM 10', '1', '3', 3, 103, 'II/20/21'),
(325849, 201973952, 'PHYS 166', '1', '3', 3, 106, 'II/20/21'),
(325850, 201973952, 'APHY 198', '1', '3', 3, 109, 'M/20/21'),
(325851, 201973952, 'APHY 200', 'S', '0', 0, 109, 'I/21/22'),
(325852, 201973952, 'PHYS 142', '1', '3', 3, 112, 'I/21/22'),
(325853, 201973952, 'PHYS 143', '1', '3', 3, 115, 'I/21/22'),
(325854, 201973952, 'PHYS 144', '1', '3', 3, 118, 'I/21/22'),
(325855, 201973952, 'PHYS 145', '1', '3', 3, 121, 'I/21/22'),
(325856, 201973952, 'JAP 10', '1', '3', 3, 124, 'I/21/22'),
(325857, 201973952, 'STS 1', '1', '3', 3, 127, 'II/21/22'),
(325858, 201973952, 'APHY 191', '1', '3', 3, 130, 'II/21/22'),
(325859, 201973952, 'APHY 199', 'S', '1', 0, 130, 'II/21/22'),
(325860, 201973952, 'PHYS 146', '1', '3', 3, 133, 'II/21/22'),
(325861, 201973952, 'CMSC 12', '1', '3', 3, 136, 'II/21/22'),
(325862, 201973952, 'APHY 200', '1', '(1)6', 6, 142, 'II/21/22'),
(325863, 201911807, 'CHEM 18', '1.5', '3', 4.5, 4.5, 'I/18/19'),
(325864, 201911807, 'CHEM 18.1', '1', '2', 2, 6.5, 'I/18/19'),
(325865, 201911807, 'MCB 11', '2.25', '3', 6.75, 13.25, 'I/18/19'),
(325866, 201911807, 'MATH 27', '1.75', '3', 5.25, 18.5, 'I/18/19'),
(325867, 201911807, 'ETHICS 1', '1', '3', 3, 21.5, 'I/18/19'),
(325868, 201911807, 'KAS 1', '1.5', '3', 4.5, 26, 'I/18/19'),
(325869, 201911807, 'HK 11', '2.5', '0', 0, 26, 'I/18/19'),
(325870, 201911807, 'CHEM 19', '1.75', '3', 5.25, 31.25, 'II/18/19'),
(325871, 201911807, 'BIO 30', '3', '3', 9, 40.25, 'II/18/19'),
(325872, 201911807, 'AGRI 31', '1.25', '3', 3.75, 44, 'II/18/19'),
(325873, 201911807, 'ECON 11', '2.75', '3', 8.25, 52.25, 'II/18/19'),
(325874, 201911807, 'SAS 1', '1.5', '3', 4.5, 56.75, 'II/18/19'),
(325875, 201911807, 'HK 12', '1.25', '0', 0, 56.75, 'II/18/19'),
(325876, 201911807, 'NSTP 1', '1', '0', 0, 56.75, 'II/18/20'),
(325877, 201911807, 'MATH 28', '1.5', '3', 4.5, 61.25, 'M/18/20'),
(325878, 201911807, 'ARTS 1', '2.25', '3', 6.75, 68, 'M/18/20'),
(325879, 201911807, 'CHEM 32', '1.75', '3', 5.25, 73.25, 'I/19/20'),
(325880, 201911807, 'CHEM 32.1', '3', '2', 6, 79.25, 'I/19/20'),
(325881, 201911807, 'PHYS 71', '3', '4', 12, 91.25, 'I/19/20'),
(325882, 201911807, 'PHYS 71.1', '3', '1', 3, 94.25, 'I/19/20'),
(325883, 201911807, 'BOT 20', '1.5', '3', 4.5, 98.75, 'I/19/20'),
(325884, 201911807, 'AAE 111', '1', '3', 3, 101.75, 'I/19/20'),
(325885, 201911807, 'HK 12', '1', '0', 0, 101.75, 'I/19/20'),
(325886, 201911807, 'NSTP 2', '1.5', '0', 0, 101.75, 'I/19/20'),
(325887, 201911807, 'CHEM 43', '2.25', '3', 6.75, 108.5, 'II/19/20'),
(325888, 201911807, 'CHEM 43.1', '2.5', '2', 5, 113.5, 'II/19/20'),
(325889, 201911807, 'PHYS 72', '2.75', '4', 11, 124.5, 'II/19/20'),
(325890, 201911807, 'PHYS 72.1', '3', '1', 3, 127.5, 'II/19/20'),
(325891, 201911807, 'AGRI 21', '3', '3', 9, 136.5, 'II/19/20'),
(325892, 201911807, 'AGRI 32', '1', '3', 3, 139.5, 'II/19/20'),
(325893, 201911807, 'HK 12', '1', '0', 0, 139.5, 'II/19/20'),
(325894, 201911807, 'PI 10', '2', '3', 6, 145.5, 'M/19/20'),
(325895, 201911807, 'PHILARTS 1', '1.75', '3', 5.25, 150.75, 'M/19/20'),
(325896, 201911807, 'CHEM 44', '3', '3', 9, 159.75, 'I/20/21'),
(325897, 201911807, 'CHEM 44.1', '1.5', '2', 3, 162.75, 'I/20/21'),
(325898, 201911807, 'AGRI 22', '2', '3', 6, 168.75, 'I/20/21'),
(325899, 201911807, 'CMSC 12', '2.5', '3', 7.5, 176.25, 'I/20/21'),
(325900, 201911807, 'AGRI 61', '1', '3', 3, 179.25, 'I/20/21'),
(325901, 201911807, 'SOSC 3', '1', '3', 3, 182.25, 'I/20/21'),
(325902, 201911807, 'CHEM 131', '1', '4', 4, 186.25, 'II/20/21'),
(325903, 201911807, 'CHEM 140', '1', '4', 4, 190.25, 'II/20/21'),
(325904, 201911807, 'CHEM 161a', '2', '3', 6, 196.25, 'II/20/21'),
(325905, 201911807, 'AGRI 51', '2.25', '3', 6.75, 203, 'II/20/21'),
(325906, 201911807, 'AGRI 41', '1.25', '3', 3.75, 206.75, 'II/20/21'),
(325907, 201911807, 'CHEM 192', '1.5', '3', 4.5, 211.25, 'M/20/22'),
(325908, 201911807, 'CHEM 111', '1.5', '3', 4.5, 215.75, 'M/20/22'),
(325909, 201911807, 'CHEM 111.1', '2.5', '2', 5, 220.75, 'I/21/22'),
(325910, 201911807, 'CHEM 112', '1', '3', 3, 223.75, 'I/21/22'),
(325911, 201911807, 'CHEM 137', '1.25', '3', 3.75, 227.5, 'I/21/22'),
(325912, 201911807, 'CHEM 161b', '2', '3', 6, 233.5, 'I/21/22'),
(325913, 201911807, 'AGRI 42', '1', '3', 3, 236.5, 'I/21/22'),
(325914, 201911807, 'AGR 132', '1.25', '3', 3.75, 240.25, 'I/21/22'),
(325915, 201911807, 'CHEM 112.1', '1', '2', 2, 242.25, 'II/21/22'),
(325916, 201911807, 'CHEM 115', '2.75', '3', 8.25, 250.5, 'II/21/22'),
(325917, 201911807, 'CHEM 137.1', '1.5', '2', 3, 253.5, 'II/21/22'),
(325918, 201911807, 'CHEM 161.1', '1.25', '2', 2.5, 256, 'II/21/22'),
(325919, 201911807, 'COMM 10', '1', '3', 3, 259, 'II/21/22'),
(325920, 201911807, 'AGR 133', '1.75', '3', 5.25, 264.25, 'II/21/22'),
(325921, 201911807, 'BOT 140', '1.5', '3', 4.5, 268.75, 'II/21/22'),
(325922, 201911807, 'CHEM 198', '2', '3', 6, 274.75, 'M/21/22'),
(325923, 201911807, 'STS 1', '1', '3', 3, 277.75, 'M/21/22'),
(325924, 201911807, 'CHEM 133', '2', '4', 8, 285.75, 'I/22/23'),
(325925, 201911807, 'CHEM 120', '1.75', '3', 5.25, 291, 'I/22/23'),
(325926, 201911807, 'CHEM 199', 'S', '1', 0, 291, 'I/22/23'),
(325927, 201911807, 'AGRI 171', '1.5', '3', 4.5, 295.5, 'I/22/23'),
(325928, 201911807, 'ACHM 200', 'S', '0', 0, 295.5, 'I/22/23'),
(325929, 201911807, 'BOT 150', '2.25', '3', 6.75, 302.25, 'I/22/23'),
(325930, 201911807, 'CHEM 180', '2', '3', 6, 308.25, 'II/22/23'),
(325931, 201911807, 'CHEM 185', '1.75', '3', 5.25, 313.5, 'II/22/23'),
(325932, 201911807, 'AGRI 199', 'S', '1', 0, 313.5, 'II/22/23'),
(325933, 201911807, 'ACHM 200', '2', '(1)6', 12, 325.5, 'II/22/23'),
(325934, 201911807, 'HUM 3', '1', '3', 3, 328.5, 'II/22/23'),
(325935, 201911807, 'HORT 146', '1.5', '3', 4.5, 333, 'II/22/23'),
(325936, 201831621, 'ETHICS 1', '1.5', '3', 4.5, 4.5, 'I/14/15'),
(325937, 201831621, 'HIST 1', '3', '3', 9, 13.5, 'I/14/15'),
(325938, 201831621, 'SOC 10', '2', '3', 6, 19.5, 'I/14/15'),
(325939, 201831621, 'ANTH 10', '2.5', '3', 7.5, 27, 'I/14/15'),
(325940, 201831621, 'PSY 10', '1.5', '3', 4.5, 31.5, 'I/14/15'),
(325941, 201831621, 'HK 11', '2.75', '0', 0, 31.5, 'I/14/15'),
(325942, 201831621, 'PHILARTS 1', '1.5', '3', 4.5, 36, 'II/14/15'),
(325943, 201831621, 'POSC 10', '2.75', '3', 8.25, 44.25, 'II/14/15'),
(325944, 201831621, 'HIST 10', '3', '3', 9, 53.25, 'II/14/15'),
(325945, 201831621, 'SOC 100', '3', '3', 9, 62.25, 'II/14/15'),
(325946, 201831621, 'SOC 110', '2.75', '3', 8.25, 70.5, 'II/14/15'),
(325947, 201831621, 'HK 12', '2.25', '0', 0, 70.5, 'II/14/15'),
(325948, 201831621, 'SCIENCE 11', '2', '3', 6, 76.5, 'M/14/15'),
(325949, 201831621, 'STS 1', '1.25', '3', 3.75, 80.25, 'M/14/15'),
(325950, 201831621, 'ARTS 1', '1.25', '3', 3.75, 84, 'I/15/16'),
(325951, 201831621, 'ECON 11', '3', '3', 9, 93, 'I/15/16'),
(325952, 201831621, 'SOC 116', '2.5', '3', 7.5, 100.5, 'I/15/16'),
(325953, 201831621, 'STAT 166', '2.75', '3', 8.25, 108.75, 'I/15/16'),
(325954, 201831621, 'SOC 135', '3', '3', 9, 117.75, 'I/15/16'),
(325955, 201831621, 'HK 12', '2.75', '0', 0, 117.75, 'I/15/16'),
(325956, 201831621, 'NSTP 1', '1.25', '0', 0, 117.75, 'I/15/16'),
(325957, 201831621, 'AERS 160', '2.75', '3', 8.25, 126, 'II/15/16'),
(325958, 201831621, 'SOC 140', '2.75', '3', 8.25, 134.25, 'II/15/16'),
(325959, 201831621, 'SOC 115', '2.25', '3', 6.75, 141, 'II/15/16'),
(325960, 201831621, 'SOC 105', '1.5', '3', 4.5, 145.5, 'II/15/16'),
(325961, 201831621, 'BIO 150', '1.25', '3', 3.75, 149.25, 'II/15/16'),
(325962, 201831621, 'HK 13', '1', '0', 0, 149.25, 'II/15/16'),
(325963, 201831621, 'NSTP 2', '3', '0', 0, 149.25, 'II/15/16'),
(325964, 201831621, 'HUM 3', '1.75', '3', 5.25, 154.5, 'M/15/16'),
(325965, 201831621, 'PI 10', '1.75', '3', 5.25, 159.75, 'M/15/16'),
(325966, 201831621, 'POSC 141', '2', '3', 6, 165.75, 'I/16/17'),
(325967, 201831621, 'SOC 129', '1.5', '3', 4.5, 170.25, 'I/16/17'),
(325968, 201831621, 'SOC 107', '2', '3', 6, 176.25, 'I/16/17'),
(325969, 201831621, 'SOC 151', '3', '3', 9, 185.25, 'I/16/17'),
(325970, 201831621, 'SOC 195', '2.25', '2', 4.5, 189.75, 'I/16/17'),
(325971, 201831621, 'SOC 195.1', '1.25', '1', 1.25, 191, 'I/16/17'),
(325972, 201831621, 'COMM 10', '2.5', '3', 7.5, 198.5, 'II/16/17'),
(325973, 201831621, 'SOC 152', '2.5', '3', 7.5, 206, 'II/16/17'),
(325974, 201831621, 'SOC 166', '1.25', '3', 3.75, 209.75, 'II/16/17'),
(325975, 201831621, 'SOC 192', '1.5', '3', 4.5, 214.25, 'II/16/17'),
(325976, 201831621, 'CMSC 11', '2.25', '3', 6.75, 221, 'II/16/17'),
(325977, 201831621, 'SOC 198', '1.5', '3', 4.5, 225.5, 'M/16/17'),
(325978, 201831621, 'SOC 114', '2.75', '3', 8.25, 233.75, 'I/17/18'),
(325979, 201831621, 'SOC 120', '2.75', '3', 8.25, 242, 'I/17/18'),
(325980, 201831621, 'SOC 180', '2.75', '3', 8.25, 250.25, 'I/17/18'),
(325981, 201831621, 'SOC 200', 'S', '3', 0, 250.25, 'I/17/18'),
(325982, 201831621, 'SOC 191', '2.25', '3', 6.75, 257, 'I/17/18'),
(325983, 201831621, 'SOC 199', 'S', '1', 0, 257, 'I/17/18'),
(325984, 201831621, 'SOC 200', '1.75', '(1)6', 10.5, 267.5, 'II/17/18'),
(325985, 201831621, 'SOC 112', '1.5', '3', 4.5, 272, 'II/17/18'),
(325986, 201831621, 'SOC 165', '1.25', '3', 3.75, 275.75, 'II/17/18'),
(325987, 201831621, 'SOC 170', '1.75', '3', 5.25, 281, 'II/17/18'),
(325988, 201831621, 'JAP 11', '2', '3', 6, 287, 'II/17/18'),
(326090, 201878212, 'AMAT 19', '1.75', '3', 5.25, 5.25, 'I/18/19'),
(326091, 201878212, 'MATH 36', '1.75', '5', 8.75, 14, 'I/18/19'),
(326092, 201878212, 'BIO 11.1', '1.75', '2', 3.5, 17.5, 'I/18/19'),
(326093, 201878212, 'KAS 1', '1.5', '3', 4.5, 22, 'I/18/19'),
(326094, 201878212, 'ETHICS 1', '1.75', '3', 5.25, 27.25, 'I/18/19'),
(326095, 201878212, 'HK 11', '1.5', '0', 0, 27.25, 'I/18/19'),
(326096, 201878212, 'MATH 37', '1', '3', 3, 30.25, 'II/18/19'),
(326097, 201878212, 'STAT 101', '1.25', '3', 3.75, 34, 'II/18/19'),
(326098, 201878212, 'CHEM 18', '1', '3', 3, 37, 'II/18/19'),
(326099, 201878212, 'CHEM 18.1', '1', '2', 2, 39, 'II/18/19'),
(326100, 201878212, 'ARTS 1', '1.25', '3', 3.75, 42.75, 'II/18/19'),
(326101, 201878212, 'SOSC 3', '1.75', '3', 5.25, 48, 'II/18/19'),
(326102, 201878212, 'HK 12', '1.25', '0', 0, 48, 'II/18/19'),
(326103, 201878212, 'AMAT 110', '1.25', '3', 3.75, 51.75, 'I/19/20'),
(326104, 201878212, 'MATH 38', '1', '5', 5, 56.75, 'I/19/20'),
(326105, 201878212, 'MATH 101', '1.75', '3', 5.25, 62, 'I/19/20'),
(326106, 201878212, 'PHYS 51', '1.5', '4', 6, 68, 'I/19/20'),
(326107, 201878212, 'PHYS 51.1', '1', '1', 1, 69, 'I/19/20'),
(326108, 201878212, 'HK 12', '1.25', '0', 0, 69, 'I/19/20'),
(326109, 201878212, 'NSTP 1', '1.5', '0', 0, 69, 'I/19/20'),
(326110, 201878212, 'AMAT 105', '1.5', '3', 4.5, 73.5, 'II/19/20'),
(326111, 201878212, 'AMAT 112', '1.75', '3', 5.25, 78.75, 'II/19/20'),
(326112, 201878212, 'AMAT 152', '1', '3', 3, 81.75, 'II/19/20'),
(326113, 201878212, 'AMAT 170', '1.25', '3', 3.75, 85.5, 'II/19/20'),
(326114, 201878212, 'STS 1', '1.5', '3', 4.5, 90, 'II/19/20'),
(326115, 201878212, 'SCIENCE 11', '1.75', '3', 5.25, 95.25, 'II/19/20'),
(326116, 201878212, 'HK 13', '1.25', '0', 0, 95.25, 'II/19/20'),
(326117, 201878212, 'NSTP 2', '1.75', '0', 0, 95.25, 'II/19/20'),
(326118, 201878212, 'MATH 151', '1.75', '3', 5.25, 100.5, 'I/20/21'),
(326119, 201878212, 'MATH 174', '1', '3', 3, 103.5, 'I/20/21'),
(326120, 201878212, 'MATH 181', '1.75', '3', 5.25, 108.75, 'I/20/21'),
(326121, 201878212, 'MATH 170', '1', '3', 3, 111.75, 'I/20/21'),
(326122, 201878212, 'COMM 10', '1.5', '3', 4.5, 116.25, 'I/20/21'),
(326123, 201878212, 'HUM 3', '1.5', '3', 4.5, 120.75, 'I/20/21'),
(326124, 201878212, 'MATH 155', '1.5', '3', 4.5, 125.25, 'II/20/21'),
(326125, 201878212, 'MATH 175', '1', '3', 3, 128.25, 'II/20/21'),
(326126, 201878212, 'MATH 195', '1.25', '3', 3.75, 132, 'II/20/21'),
(326127, 201878212, 'MATH 191', '1.5', '3', 4.5, 136.5, 'II/20/21'),
(326128, 201878212, 'COMA 150', '1.5', '3', 4.5, 141, 'II/20/21'),
(326129, 201878212, 'AMAT 198', '1.25', '3', 3.75, 144.75, 'M/20/21'),
(326130, 201878212, 'AMAT 200', 'S', '3', 0, 144.75, 'I/21/22'),
(326131, 201878212, 'MATH 133', '1.5', '3', 4.5, 149.25, 'I/21/22'),
(326132, 201878212, 'PI 10', '1.25', '3', 3.75, 153, 'I/21/22'),
(326133, 201878212, 'CMSC 150', '1.25', '3', 3.75, 156.75, 'I/21/22'),
(326134, 201878212, 'CMSC 127', '1.5', '3', 4.5, 161.25, 'I/21/22'),
(326135, 201878212, 'AMAT 200', '1.75', '(1)6', 10.5, 171.75, 'II/21/22'),
(326136, 201878212, 'AMAT 199', 'S', '1', 0, 171.75, 'II/21/22'),
(326137, 201878212, 'MATH 166', '1.5', '3', 4.5, 176.25, 'II/21/22'),
(326138, 201878212, 'BIO 150', '1', '3', 3, 179.25, 'II/21/22'),
(326139, 201878212, 'SOC 100', '1.75', '3', 5.25, 184.5, 'II/21/22'),
(326190, 201989821, 'ARTS 1', '1.5', '3', 4.5, 4.5, 'I/18/19'),
(326191, 201989821, 'ETHICS 1', '1.75', '3', 5.25, 9.75, 'I/18/19'),
(326192, 201989821, 'KAS 1', '2.25', '3', 6.75, 16.5, 'I/18/19'),
(326193, 201989821, 'STS 1', '1.75', '3', 5.25, 21.75, 'I/18/19'),
(326194, 201989821, 'PHLO 11', '1', '3', 3, 24.75, 'I/18/19'),
(326195, 201989821, 'PHLO 12', '1.75', '3', 5.25, 30, 'I/18/19'),
(326196, 201989821, 'HK 11', '2.5', '0', 0, 30, 'I/18/19'),
(326197, 201989821, 'PI 10', '1.75', '3', 5.25, 35.25, 'II/18/19'),
(326198, 201989821, 'POSC 10', '3', '3', 9, 44.25, 'II/18/19'),
(326199, 201989821, 'PHLO 150', '1.25', '3', 3.75, 48, 'II/18/19'),
(326200, 201989821, 'PHLO 171', '3', '3', 9, 57, 'II/18/19'),
(326201, 201989821, 'SPEC', '1.5', '3', 4.5, 61.5, 'II/18/19'),
(326202, 201989821, 'PHILARTS 1', '2.5', '3', 7.5, 69, 'II/18/19'),
(326203, 201989821, 'HK 12', '1.25', '0', 0, 69, 'II/18/19'),
(326204, 201989821, 'COMM 10', '1.75', '3', 5.25, 74.25, 'I/19/20'),
(326205, 201989821, 'PHLO 110', '2.5', '3', 7.5, 81.75, 'I/19/20'),
(326206, 201989821, 'PHLO 112', '3', '3', 9, 90.75, 'I/19/20'),
(326207, 201989821, 'PHLO 173', '3', '3', 9, 99.75, 'I/19/20'),
(326208, 201989821, 'CMSC 12', '3', '3', 9, 108.75, 'I/19/20'),
(326209, 201989821, 'HUM 3', '1.5', '3', 4.5, 113.25, 'I/19/20'),
(326210, 201989821, 'HK 12', '1', '0', 0, 113.25, 'I/19/20'),
(326211, 201989821, 'NSTP 1', '1.5', '0', 0, 113.25, 'I/19/20'),
(326212, 201989821, 'PHLO 111', '2.5', '3', 7.5, 120.75, 'II/19/20'),
(326213, 201989821, 'PHLO 120', '2.5', '3', 7.5, 128.25, 'II/19/20'),
(326214, 201989821, 'SCIENCE 11', '2.75', '3', 8.25, 136.5, 'II/19/20'),
(326215, 201989821, 'PHLO 194', '3', '3', 9, 145.5, 'II/19/20'),
(326216, 201989821, 'BIO 150', '3', '3', 9, 154.5, 'II/19/20'),
(326217, 201989821, 'HK 13', '1.75', '0', 0, 154.5, 'II/19/20'),
(326218, 201989821, 'NSTP 2', '3', '0', 0, 154.5, 'II/19/20'),
(326219, 201989821, 'PHLO 174', '3', '3', 9, 163.5, 'I/20/21'),
(326220, 201989821, 'PHLO 181', '1.5', '3', 4.5, 168, 'I/20/21'),
(326221, 201989821, 'PHLO 195', '2.75', '3', 8.25, 176.25, 'I/20/21'),
(326222, 201989821, 'PHLO 197', '2.5', '3', 7.5, 183.75, 'I/20/21'),
(326223, 201989821, 'BIO 120', '1', '3', 3, 186.75, 'I/20/21'),
(326224, 201989821, 'PHLO 113', '1', '3', 3, 189.75, 'II/20/21'),
(326225, 201989821, 'PHLO 182', '1', '3', 3, 192.75, 'II/20/21'),
(326226, 201989821, 'PHLO 172', '2', '3', 6, 198.75, 'II/20/21'),
(326227, 201989821, 'PHLO 175', '2.25', '3', 6.75, 205.5, 'II/20/21'),
(326228, 201989821, 'CMSC 22', '2.25', '3', 6.75, 212.25, 'II/20/21'),
(326229, 201989821, 'SOC 130', '1.5', '3', 4.5, 216.75, 'II/20/21'),
(326230, 201989821, 'PHLO 176', '2.75', '3', 8.25, 225, 'I/21/22'),
(326231, 201989821, 'PHLO 178', '1', '3', 3, 228, 'I/21/22'),
(326232, 201989821, 'ECON 11', '2', '3', 6, 234, 'I/21/22'),
(326233, 201989821, 'CMSC 57', '3', '3', 9, 243, 'I/21/22'),
(326234, 201989821, 'SOC 129', '3', '3', 9, 252, 'I/21/22'),
(326235, 201989821, 'PHLO 160', '1', '3', 3, 255, 'II/21/22'),
(326236, 201989821, 'PHLO 184', '1.75', '3', 5.25, 260.25, 'II/21/22'),
(326237, 201989821, 'PHLO 185', '2', '3', 6, 266.25, 'II/21/22'),
(326238, 201989821, 'PHLO 200', '2.5', '(1)6', 15, 281.25, 'II/21/22'),
(326460, 201940998, 'CHEM 18', '1.5', '3', 4.5, 4.5, 'I/18/19'),
(326461, 201940998, 'CHEM 18.1', '1.75', '2', 3.5, 8, 'I/18/19'),
(326462, 201940998, 'MCB 11', '2.25', '3', 6.75, 14.75, 'I/18/19'),
(326463, 201940998, 'MATH 27', '1.75', '3', 5.25, 20, 'I/18/19'),
(326464, 201940998, 'ETHICS 1', '1', '3', 3, 23, 'I/18/19'),
(326465, 201940998, 'KAS 1', '1.5', '3', 4.5, 27.5, 'I/18/19'),
(326466, 201940998, 'HK 11', '2.5', '0', 0, 27.5, 'I/18/19'),
(326467, 201940998, 'CHEM 19', '1.75', '3', 5.25, 32.75, 'II/18/19'),
(326468, 201940998, 'CHEM 32', '3', '3', 9, 41.75, 'II/18/19'),
(326469, 201940998, 'CHEM 32.1', '1.25', '2', 2.5, 44.25, 'II/18/19'),
(326470, 201940998, 'PHYS 71', '3', '4', 12, 56.25, 'II/18/19'),
(326471, 201940998, 'PHYS 71.1', '1.5', '1', 1.5, 57.75, 'II/18/19'),
(326472, 201940998, 'ARTS 1', '1', '3', 3, 60.75, 'II/18/19'),
(326473, 201940998, 'HK 12', '1.25', '0', 0, 60.75, 'II/18/19'),
(326474, 201940998, 'NSTP 1', '1', '0', 0, 60.75, 'II/18/19'),
(326475, 201940998, 'HUM 3', '1.5', '3', 4.5, 65.25, 'M/18/19'),
(326476, 201940998, 'MATH 28', '2.75', '3', 8.25, 73.5, 'M/18/19'),
(326477, 201940998, 'CHEM 43', '1.75', '3', 5.25, 78.75, 'I/19/20'),
(326478, 201940998, 'CHEM 43.1', '3', '2', 6, 84.75, 'I/19/20'),
(326479, 201940998, 'PHYS 72', '3', '4', 12, 96.75, 'I/19/20'),
(326480, 201940998, 'PHYS 72.1', '3', '1', 3, 99.75, 'I/19/20'),
(326481, 201940998, 'CMSC 12', '1.5', '3', 4.5, 104.25, 'I/19/20'),
(326482, 201940998, 'SCIENCE 11', '1', '3', 3, 107.25, 'I/19/20'),
(326483, 201940998, 'HK 12', '1', '0', 0, 107.25, 'I/19/20'),
(326484, 201940998, 'NSTP 2', '1.5', '0', 0, 107.25, 'I/19/20'),
(326485, 201940998, 'CHEM 44', '2.75', '3', 8.25, 115.5, 'II/19/20'),
(326486, 201940998, 'CHEM 44.1', '2.5', '2', 5, 120.5, 'II/19/20'),
(326487, 201940998, 'CHEM 111', '2.75', '3', 8.25, 128.75, 'II/19/20'),
(326488, 201940998, 'STAT 162', '3', '3', 9, 137.75, 'II/19/20'),
(326489, 201940998, 'PI 10', '3', '3', 9, 146.75, 'II/19/20'),
(326490, 201940998, 'PHLO 1', '1', '3', 3, 149.75, 'II/19/20'),
(326491, 201940998, 'HK 12', '1.75', '0', 0, 149.75, 'II/19/20'),
(326492, 201940998, 'CHEM 161a', '2', '3', 6, 155.75, 'M/19/20'),
(326493, 201940998, 'CHEM 192', '1.75', '3', 5.25, 161, 'M/19/20'),
(326494, 201940998, 'CHEM 111.1', '3', '2', 6, 167, 'I/20/21'),
(326495, 201940998, 'CHEM 112', '1.5', '3', 4.5, 171.5, 'I/20/21'),
(326496, 201940998, 'CHEM 137', '2.75', '3', 8.25, 179.75, 'I/20/21'),
(326497, 201940998, 'CHEM 140', '2.5', '4', 10, 189.75, 'I/20/21'),
(326498, 201940998, 'CHEM 161b', '1', '3', 3, 192.75, 'I/20/21'),
(326499, 201940998, 'COMM 10', '1', '3', 3, 195.75, 'I/20/21'),
(326500, 201940998, 'CHEM 112.1', '1', '2', 2, 197.75, 'II/20/21'),
(326501, 201940998, 'CHEM 115', '1', '3', 3, 200.75, 'II/20/21'),
(326502, 201940998, 'CHEM 137.1', '2', '2', 4, 204.75, 'II/20/21'),
(326503, 201940998, 'CHEM 161.1', '2.25', '2', 4.5, 209.25, 'II/20/21'),
(326504, 201940998, 'CHEM 180', '2.25', '3', 6.75, 216, 'II/20/21'),
(326505, 201940998, 'CHEM 162', '1.75', '3', 5.25, 221.25, 'II/20/21'),
(326506, 201940998, 'CHEM 198', '1.5', '3', 4.5, 225.75, 'M/20/21'),
(326507, 201940998, 'CHEM 120', '2.75', '3', 8.25, 234, 'I/21/22'),
(326508, 201940998, 'CHEM 131', '1', '4', 4, 238, 'I/21/22'),
(326509, 201940998, 'CHEM 200', 'S', '3', 0, 238, 'I/21/22'),
(326510, 201940998, 'JAP 10', '3', '3', 9, 247, 'I/21/22'),
(326511, 201940998, 'STS 1', '1', '3', 3, 250, 'I/21/22'),
(326512, 201940998, 'CHEM 120.1', '1', '2', 2, 252, 'II/21/22'),
(326513, 201940998, 'CHEM 171', '2.75', '3', 8.25, 260.25, 'II/21/22'),
(326514, 201940998, 'CHEM 199', 'S', '1', 0, 260.25, 'II/21/22'),
(326515, 201940998, 'CHEM 200', '1', '(1)6', 6, 266.25, 'II/21/22'),
(326516, 201940998, 'CHEM 181', '2', '3', 6, 272.25, 'II/21/22'),
(326565, 201923534, 'MATH 20', '1.5', '3', 4.5, 4.5, 'I/18/19'),
(326566, 201923534, 'MATH 36', '1.75', '5', 8.75, 13.25, 'I/18/19'),
(326567, 201923534, 'BIO 11.1', '2.25', '2', 4.5, 17.75, 'I/18/19'),
(326568, 201923534, 'HIST 1', '1.75', '3', 5.25, 23, 'I/18/19'),
(326569, 201923534, 'ETHICS 1', '1', '3', 3, 26, 'I/18/19'),
(326570, 201923534, 'HK 11', '2.5', '0', 0, 26, 'I/18/19'),
(326571, 201923534, 'MATH 37', '1.75', '3', 5.25, 31.25, 'II/18/19'),
(326572, 201923534, 'STAT 101', '3', '3', 9, 40.25, 'II/18/19'),
(326573, 201923534, 'CHEM 18', '1.25', '3', 3.75, 44, 'II/18/19'),
(326574, 201923534, 'CHEM 18.1', '3', '2', 6, 50, 'II/18/19'),
(326575, 201923534, 'ARTS 1', '1.5', '3', 4.5, 54.5, 'II/18/19'),
(326576, 201923534, 'SOSC 3', '1', '3', 3, 57.5, 'II/18/19'),
(326577, 201923534, 'HK 12', '1.25', '0', 0, 57.5, 'II/18/19'),
(326578, 201923534, 'MATH 38', '1.75', '5', 8.75, 66.25, 'I/19/20'),
(326579, 201923534, 'MATH 101', '3', '3', 9, 75.25, 'I/19/20'),
(326580, 201923534, 'PHYS 51', '3', '4', 12, 87.25, 'I/19/20'),
(326581, 201923534, 'PHYS 51.1', '3', '1', 3, 90.25, 'I/19/20'),
(326582, 201923534, 'HUM 3', '1.5', '3', 4.5, 94.75, 'I/19/20'),
(326583, 201923534, 'HK 12', '1', '0', 0, 94.75, 'I/19/20'),
(326584, 201923534, 'NSTP 1', '1.5', '0', 0, 94.75, 'I/19/20'),
(326585, 201923534, 'MATH 103', '2.75', '3', 8.25, 103, 'II/19/20'),
(326586, 201923534, 'MATH 138', '2.5', '3', 7.5, 110.5, 'II/19/20'),
(326587, 201923534, 'MATH 141', '2.75', '3', 8.25, 118.75, 'II/19/20'),
(326588, 201923534, 'AMAT 152', '3', '3', 9, 127.75, 'II/19/20'),
(326589, 201923534, 'STS 1', '3', '3', 9, 136.75, 'II/19/20'),
(326590, 201923534, 'PHLO 1', '1', '3', 3, 139.75, 'II/19/20'),
(326591, 201923534, 'HK 13', '1.75', '0', 0, 139.75, 'II/19/20'),
(326592, 201923534, 'NSTP 2', '3', '0', 0, 139.75, 'II/19/20'),
(326593, 201923534, 'MATH 111', '3', '3', 9, 148.75, 'I/20/21'),
(326594, 201923534, 'MATH 155', '1.5', '3', 4.5, 153.25, 'I/20/21'),
(326595, 201923534, 'MATH 195', '2.75', '3', 8.25, 161.5, 'I/20/21'),
(326596, 201923534, 'COMA 150', '2.5', '3', 7.5, 169, 'I/20/21'),
(326597, 201923534, 'COMM 10', '1', '3', 3, 172, 'I/20/21'),
(326598, 201923534, 'SPAN 10', '2', '3', 6, 178, 'II/20/21'),
(326599, 201923534, 'MATH 120', '1', '3', 3, 181, 'II/20/21'),
(326600, 201923534, 'MATH 133', '1', '3', 3, 184, 'II/20/21'),
(326601, 201923534, 'MATH 151', '2', '3', 6, 190, 'II/20/21'),
(326602, 201923534, 'MATH 166', '2.25', '3', 6.75, 196.75, 'II/20/21'),
(326603, 201923534, 'PI 10', '2.25', '3', 6.75, 203.5, 'II/20/21'),
(326604, 201923534, 'MATH 198', '1.5', '3', 4.5, 208, 'M/20/21'),
(326605, 201923534, 'MATH 135', '2.75', '3', 8.25, 216.25, 'I/21/22'),
(326606, 201923534, 'MATH 165', '1', '3', 3, 219.25, 'I/21/22'),
(326607, 201923534, 'MATH 181', '2', '3', 6, 225.25, 'I/21/22'),
(326608, 201923534, 'MATH 152', '3', '3', 9, 234.25, 'I/21/22'),
(326609, 201923534, 'MATH 156', '3', '3', 9, 243.25, 'I/21/22'),
(326610, 201923534, 'MATH 190', '1', '(1)3', 3, 246.25, 'II/21/22'),
(326611, 201923534, 'MATH 192', '2.75', '3', 8.25, 254.5, 'II/21/22'),
(326612, 201923534, 'MATH 199', 'S', '1', 0, 254.5, 'II/21/22'),
(326613, 201923534, 'MATH 168', '1', '3', 3, 257.5, 'II/21/22');

-- --------------------------------------------------------

--
-- Table structure for table `subjects`
--

CREATE TABLE `subjects` (
  `course_name` varchar(80) NOT NULL,
  `degree_id` int(50) NOT NULL,
  `course_number` varchar(30) NOT NULL,
  `required_choice` varchar(50) NOT NULL,
  `number_units` int(20) NOT NULL
) ENGINE=InnoDB DEFAULT CHARSET=utf8mb4;

--
-- Dumping data for table `subjects`
--

INSERT INTO `subjects` (`course_name`, `degree_id`, `course_number`, `required_choice`, `number_units`) VALUES
('Critical Perspectives in the Arts', 1, 'ARTS 1', '', 3),
('Language and Communication', 1, 'COMA 101', '', 3),
('Language and Culture', 1, 'COMA 102', '', 3),
('Introduction to Discourse Analysis', 1, 'COMA 103', '', 3),
('Principles of Public Relations and Advertising', 1, 'COMA 105', '', 3),
('Workplace Communication', 1, 'COMA 150', '', 3),
('Special Problems', 1, 'COMA 190', '', 3),
('Introduction to Research', 1, 'COMA 192', '', 3),
('Workshop', 1, 'COMA 193', '', 3),
('Undergraduate Seminar', 1, 'COMA 199', '', 1),
('Undergraduate Thesis', 1, 'COMA 200', '', 6),
('Practicum', 1, 'COMA 200a', '', 3),
('Critical Perspectives in Communication', 1, 'COMM 10', '', 3),
('Rereading the Literary Canons', 1, 'ENG 100', '', 3),
('English Prose Styles', 1, 'ENG 101', '', 3),
('Argumentative Writing', 1, 'ENG 104', '', 3),
('Ethics and Moral Reasoning in Everyday Life', 1, 'ETHICS 1', '', 3),
('Philippine History', 1, 'HIST 1', '', 3),
('Wellness and Basic Injury Management', 1, 'HK 11', '', 0),
('Human Kinetics Activities', 1, 'HK 12', '', 0),
('Advanced Human Kinetics Activities', 1, 'HK 13', '', 0),
('Critical Theories', 1, 'HUM 100', '', 3),
('Visual Culture', 1, 'HUM 101', '', 3),
('New Media Art', 1, 'HUM 102', '', 3),
('Culture and Arts Management', 1, 'HUM 104', '', 3),
('Philippine Art and Society', 1, 'HUM 170', '', 3),
('Kasaysayan ng Pilipinas', 1, 'KAS 1', '', 3),
('National Service Training Program I', 1, 'NSTP 1', '', 0),
('National Service Training Program II', 1, 'NSTP 2', '', 0),
('The Life and Works of Jose Rizal', 1, 'PI 10', '', 3),
('Rhetoric', 1, 'SPCM 101', '', 3),
('Voice and Diction', 1, 'SPCM 102', '', 3),
('Occasional Speeches', 1, 'SPCM 104', '', 3),
('Science, Technology, and Society', 1, 'STS 1', '', 3),
('History of the Theatre', 1, 'THEA 101', '', 3),
('Theatre Communication', 1, 'THEA 102', '', 3),
('Philippine Theatre', 1, 'THEA 103', '', 3),
('Oral Interpretation', 2, 'SPCM 151', '', 3),
('Philippine Public Address', 2, 'SPCM 152', '', 3),
('Group Discussion and Leadership', 2, 'SPCM 153', '', 3),
('Communication in Public Relations', 2, 'SPCM 154', '', 3),
('Rhetorical Criticism', 2, 'SPCM 155', '', 3),
('Speech Communication Strategies for Classroom Instruction', 2, 'SPCM 156', '', 3),
('Speech Making and Evaluation', 2, 'SPCM 157', '', 3),
('Speech Communication in Conflict Resolution', 2, 'SPCM 158', '', 3),
('Nonverbal Communication', 2, 'SPCM 159', '', 3),
('Critical Writing', 3, 'ENG 151', '', 3),
('Creative Writing', 3, 'ENG 152', '', 3),
('Philippine Literature in English', 3, 'ENG 153', '', 3),
('Science and Technology in Literature', 3, 'ENG 154', '', 3),
('Writing Creative Nonfiction', 3, 'ENG 155', '', 3),
('Mythology and Folklore', 3, 'ENG 156', '', 3),
('Reading Young Adult Narratives', 3, 'ENG 157', '', 3),
('Playwriting', 3, 'ENG 158', '', 3),
('Ang Pagsulat ng Kwentong Popular', 3, 'FIL 150', '', 3),
('Teorya at Praktika ng Pagsasalin', 3, 'FIL 155', '', 3),
('Acting', 4, 'THEA 151', '', 3),
('Directing', 4, 'THEA 152', '', 3),
('Asian Theater', 4, 'THEA 153', '', 3),
('Drama for Children', 4, 'THEA 154', '', 3),
('Theater Space and Stage Design', 4, 'THEA 155', '', 3),
('The Dynamics and Aesthetics of Community Theater', 4, 'THEA 156', '', 3),
('Play Production', 4, 'THEA 157', '', 3),
('Critical Perspectives in the Arts', 5, 'ARTS 1', '', 3),
('Critical Perspectives in Communication', 5, 'COMM 10', '', 3),
('Ethics and Moral Reasoning in Everyday Life', 5, 'ETHICS 1', '', 3),
('Philippine History', 5, 'HIST 1', '', 3),
('Wellness and Basic Injury Management', 5, 'HK 11', '', 0),
('Human Kinetics Activities', 5, 'HK 12', '', 0),
('Advanced Human Kinetics Activities', 5, 'HK 13', '', 0),
('Kasaysayan ng Pilipinas', 5, 'KAS 1', '', 3),
('National Service Training Program I', 5, 'NSTP 1', '', 0),
('National Service Training Program II', 5, 'NSTP 2', '', 0),
('Fundamental Approaches to Philosophy', 5, 'PHLO 11', '', 3),
('Ancient Philosophy', 5, 'PHLO 110', '', 3),
('Medieval Philosophy', 5, 'PHLO 111', '', 3),
('Modern Philosophy', 5, 'PHLO 112', '', 3),
('Contemporary Philosophy', 5, 'PHLO 113', '', 3),
('Logic', 5, 'PHLO 12', '', 3),
('Philosophical Reasoning', 5, 'PHLO 120', '', 3),
('Epistemology', 5, 'PHLO 150', '', 3),
('Philosophy of Science', 5, 'PHLO 160', '', 3),
('Ethics', 5, 'PHLO 171', '', 3),
('Practical Ethics', 5, 'PHLO 173', '', 3),
('Biomedical Ethics', 5, 'PHLO 174', '', 3),
('Social and Political Philosophy', 5, 'PHLO 176', '', 3),
('Environmental Ethics', 5, 'PHLO 178', '', 3),
('Aesthetics', 5, 'PHLO 181', '', 3),
('Philosophy and Semiotics', 5, 'PHLO 182', '', 3),
('Feminist Philosophy', 5, 'PHLO 184', '', 3),
('Critical Perspectives in Filipino Philosophy', 5, 'PHLO 185', '', 3),
('Special Problem', 5, 'PHLO 190', '', 3),
('Philosophy of Language', 5, 'PHLO 195', '', 3),
('Philosophic Problems', 5, 'PHLO 197', '', 3),
('Undergraduate Thesis', 5, 'PHLO 200', '', 6),
('The Life and Works of Jose Rizal', 5, 'PI 10', '', 3),
('Principles of Government and Politics', 5, 'POSC 10', '', 3),
('Readings in Speculative Thought', 5, 'SPEC', '', 3),
('Science, Technology, and Society', 5, 'STS 1', '', 3),
('Rural Sociology', 6, 'AERS 160', '', 3),
('Introduction to Social and Cultural Anthropology', 6, 'ANTH 10', '', 3),
('Critical Perspectives in the Arts', 6, 'ARTS 1', '', 3),
('Critical Perspectives in Communication', 6, 'COMM 10', '', 3),
('General Economics', 6, 'ECON 11', '', 3),
('Ethics and Moral Reasoning in Everyday Life', 6, 'ETHICS 1', '', 3),
('Philippine History', 6, 'HIST 1', '', 3),
('Introduction to History', 6, 'HIST 10', '', 3),
('Wellness and Basic Injury Management', 6, 'HK 11', '', 0),
('Human Kinetics Activities', 6, 'HK 12', '', 0),
('Advanced Human Kinetics Activities', 6, 'HK 13', '', 0),
('Kasaysayan ng Pilipinas', 6, 'KAS 1', '', 3),
('National Service Training Program I', 6, 'NSTP 1', '', 0),
('National Service Training Program II', 6, 'NSTP 2', '', 0),
('The Life and Works of Jose Rizal', 6, 'PI 10', '', 3),
('Principles of Government and Politics', 6, 'POSC 10', '', 3),
('Foundations of Psychology', 6, 'PSY 10', '', 3),
('General Principles of Sociology', 6, 'SOC 10', '', 3),
('Social Organization', 6, 'SOC 100', '', 3),
('Gender Relations', 6, 'SOC 107', '', 3),
('Sociology of the Family', 6, 'SOC 110', '', 3),
('Sociology of Politics', 6, 'SOC 112', '', 3),
('Sociology of Economic Life', 6, 'SOC 114', '', 3),
('Sociology of Religion', 6, 'SOC 116', '', 3),
('Urban Sociology', 6, 'SOC 120', '', 3),
('Social Psychology', 6, 'SOC 130', '', 3),
('Attitudes and Persuasion', 6, 'SOC 135', '', 3),
('Introduction to Demography', 6, 'SOC 140', '', 3),
('Classical Sociological Theories', 6, 'SOC 151', '', 3),
('Contemporary Sociological Theories', 6, 'SOC 152', '', 3),
('Social Change', 6, 'SOC 160', '', 3),
('Sociology of Development', 6, 'SOC 165', '', 3),
('Social Program Evaluation', 6, 'SOC 166', '', 3),
('Social Problems', 6, 'SOC 170', '', 3),
('Deviance', 6, 'SOC 175', '', 3),
('Collective Behavior', 6, 'SOC 180', '', 3),
('Special Topics', 6, 'SOC 191', '', 3),
('Introduction to Qualitative Social Research', 6, 'SOC 192', '', 3),
('Research Methodologies in the Social Sciences', 6, 'SOC 195', '', 2),
('Research Methodologies in the Social Sciences Laboratory', 6, 'SOC 195.1', '', 1),
('Internship', 6, 'SOC 198', '', 3),
('Undergraduate Seminar', 6, 'SOC 199', '', 1),
('Undergraduate Thesis', 6, 'SOC 200', '', 6),
('Statistics for Social Sciences', 6, 'STAT 166', '', 3),
('Science, Technology, and Society', 6, 'STS 1', '', 3),
('Matrices and Applications', 7, 'AMAT 105', '', 3),
('Mathematical Modeling', 7, 'AMAT 110', '', 3),
('Introduction to Mathematical Optimization', 7, 'AMAT 112', '', 3),
('Fundamentals of Mathematical Computing', 7, 'AMAT 152', '', 3),
('Theory of Interest', 7, 'AMAT 170', '', 3),
('Finite Mathematics', 7, 'AMAT 19', '', 3),
('Practicum', 7, 'AMAT 198', '', 3),
('Undergraduate Seminar', 7, 'AMAT 199', '', 1),
('Critical Perspectives in the Arts', 7, 'ARTS 1', '', 3),
('Investigative Biology Laboratory', 7, 'BIO 11.1', '', 2),
('University Chemistry', 7, 'CHEM 18', '', 3),
('University Chemistry Laboratory', 7, 'CHEM 18.1', '', 2),
('Workplace Communication', 7, 'COMA 150', '', 3),
('Critical Perspectives in Communication', 7, 'COMM 10', '', 3),
('Ethics and Moral Reasoning', 7, 'ETHICS 1', '', 3),
('Philippine History', 7, 'HIST 1', '', 3),
('Wellness and Basic Injury Management', 7, 'HK 11', '', 0),
('Human Kinetics Activities', 7, 'HK 12', '', 0),
('Advanced Human Kinetics Activities', 7, 'HK 13', '', 0),
('Kasaysayan ng Pilipinas', 7, 'KAS 1', '', 3),
('Logic and Set Theory', 7, 'MATH 101', '', 3),
('Ordinary Differential Equations', 7, 'MATH 151', '', 3),
('Advanced Calculus I', 7, 'MATH 155', '', 3),
('Numerical Analysis I', 7, 'MATH 174', '', 3),
('Numerical Analysis II', 7, 'MATH 175', '', 3),
('Introduction to Probability Theory', 7, 'MATH 181', '', 3),
('Research Methods in Mathematics', 7, 'MATH 195', '', 3),
('Mathematical Analysis I', 7, 'MATH 36', '', 5),
('Mathematical Analysis II', 7, 'MATH 37', '', 3),
('Mathematical Analysis III', 7, 'MATH 38', '', 5),
('National Service Training Program I', 7, 'NSTP 1', '', 0),
('National Service Training Program', 7, 'NSTP 2', '', 0),
('Elements of Physics', 7, 'PHYS 51', '', 4),
('Elements of Physics Laboratory', 7, 'PHYS 51.1', '', 1),
('The Life and Works of Jose Rizal', 7, 'PI 10', '', 3),
('Statistical Methods', 7, 'STAT 101', '', 3),
('Science, Technology, and Society', 7, 'STS 1', '', 3),
('Programming in Physics', 8, 'APHY 10.1', '', 1),
('Physic of Scientific Instruments', 8, 'APHY 101', '', 3),
('Physics of Electronic Devices', 8, 'APHY 102', '', 3),
('Special Topics', 8, 'APHY 191', '', 3),
('Practicum', 8, 'APHY 198', '', 3),
('Undergraduate Seminar', 8, 'APHY 199', '', 1),
('Undergraduate Thesis', 8, 'APHY 200', '', 6),
('Critical Perspective in Arts', 8, 'ARTS 1', '', 3),
('University Chemistry', 8, 'CHEM 18', '', 3),
('University Chemistry lab', 8, 'CHEM 18.1', '', 2),
('Workplace Communication', 8, 'COMA 150', '', 3),
('Critical Perspectives in Communication', 8, 'COMM 10', '', 3),
('Ethics and Moral Reasoning', 8, 'ETHICS 1', '', 3),
('Philippine History', 8, 'HIST 1', '', 3),
('Wellness and Basic Injury Management', 8, 'HK 11', '', 0),
('Human Kinetics Activities', 8, 'HK 12', '', 0),
('Advanced Human Kinetics Activities', 8, 'HK 13', '', 0),
('Kasaysayan ng Pilipinas', 8, 'KAS 1', '', 3),
('Analytic Geometry and Calculus II', 8, 'MATH 27', '', 3),
('Analytic Geometry and Calculus III', 8, 'MATH 28', '', 3),
('National Service Training Program I', 8, 'NSTP 1', '', 0),
('National Service Training Program II', 8, 'NSTP 2', '', 0),
('Newtonian Mechanics', 8, 'PHYS 101', '', 4),
('Electromagnetism and Optics', 8, 'PHYS 102', '', 4),
('Mechanical Waves, Optics and Thermodynamics', 8, 'PHYS 103', '', 4),
('Modern Physics', 8, 'PHYS 104', '', 4),
('Mathematical Methods of Physics I', 8, 'PHYS 111', '', 4),
('Mathematical Methods of Physics II', 8, 'PHYS 112', '', 4),
('Mathematical Methods of Physics III', 8, 'PHYS 113', '', 4),
('Computational Physics', 8, 'PHYS 115', '', 4),
('Theoretical Mechanics I', 8, 'PHYS 121', '', 3),
('Theoretical Mechanics II', 8, 'PHYS 122', '', 3),
('Electromagnetic Theory I', 8, 'PHYS 131', '', 3),
('Electromagnetic Theory II', 8, 'PHYS 132', '', 3),
('Quantum Physics I', 8, 'PHYS 141', '', 3),
('Quantum Physics II', 8, 'PHYS 142', '', 3),
('Statistical Physics I', 8, 'PHYS 151', '', 3),
('Optical Physics', 8, 'PHYS 165', '', 3),
('Experimental Physics I', 8, 'PHYS 192.1', '', 2),
('Research Methods in Physics', 8, 'PHYS 195', '', 3),
('The Life and Works of Jose Rizal', 8, 'PI 10', '', 3),
('Science, Technology and Society', 8, 'STS 1', '', 3),
('Foundations of Entrepreneurship', 9, 'ABME 10', '', 3),
('Critical Perspective in the Arts', 9, 'ARTS 1', '', 3),
('Introductory Molecular Biology', 9, 'BIO 101', '', 3),
('Investigative Biology Laboratory', 9, 'BIO 11.1', '', 2),
('Cell Biology', 9, 'BIO 120', '', 3),
('Developmental Biology', 9, 'BIO 127', '', 3),
('Biodiversity', 9, 'BIO 14', '', 5),
('Evolutionary Biology', 9, 'BIO 140', '', 3),
('Principles of Systemic Biology', 9, 'BIO 142', '', 3),
('Ecology', 9, 'BIO 150', '', 4),
('Research Methods in the Biological Sciences', 9, 'BIO 195', '', 3),
('Practicum', 9, 'BIO 198', '', 3),
('Undergraduate Seminar', 9, 'BIO 199', '', 1),
('Undergraduate Thesis', 9, 'BIO 200', '', 6),
('Genetics', 9, 'BIO 30', '', 3),
('University Botany', 9, 'BOT 14', '', 3),
('Introductory Biochemistry', 9, 'CHEM 160', '', 3),
('Introductory Biochemistry Lab', 9, 'CHEM 160.1', '', 2),
('University Chemistry', 9, 'CHEM 18', '', 3),
('University Chemistry Laboratory', 9, 'CHEM 18.1', '', 2),
('Basic Organic Chemistry', 9, 'CHEM 40', '', 4),
('Basic Organic Chemistry Laboratory', 9, 'CHEM 40.1', '', 1),
('Workplace Communication', 9, 'COMA 150', '', 3),
('Critical Perspectives in Communication', 9, 'COMM 10', '', 3),
('Ethics and Moral Reasoning in Everyday Life', 9, 'ETHICS 1', '', 3),
('Philippine History', 9, 'HIST 1', '', 3),
('Wellness and Basic Injury Management', 9, 'HK 11', '', 0),
('Human Kinetics Activities', 9, 'HK 12', '', 0),
('Advanced Human Kinetics Activities', 9, 'HK 13', '', 0),
('Kasaysayan ng Pilipinas', 9, 'KAS 1', '', 3),
('Fundamental Calculus', 9, 'MATH 25', '', 3),
('Biology and Applications of Microorganisms', 9, 'MCB 11', '', 3),
('National Service Training Program', 9, 'NSTP 1', '', 0),
('National Service Training Program', 9, 'NSTP 2', '', 0),
('Elements of Physics', 9, 'PHYS 51', '', 4),
('Elements of Physics Laboratory', 9, 'PHYS 51.1', '', 1),
('The Life and Works of Jose Rizal', 9, 'PI 10', '', 3),
('Statistics for the Biological Sciences', 9, 'STAT 164', '', 3),
('Science, Technology, and Society', 9, 'STS 1', '', 3),
('University Zoology', 9, 'ZOO 14', '', 3),
('Principles of Cell and Molecular Biology Techniques', 10, 'BIO 125', 'Required', 3),
('Intermediate Genetics I', 10, 'BIO 130a', 'Required', 3),
('Intermediate Genetics II', 10, 'BIO 130b', 'Other', 3),
('Cytogenetics', 10, 'BIO 131', 'Other', 3),
('Introduction to Genomics and Bioinformatics', 10, 'BIO 134', 'Other', 3),
('Molecular Genetics', 10, 'BIO 138', 'Required', 3),
('Human Genetics', 10, 'BIO 139', 'Other', 3),
('Biological Microtechniques', 10, 'BIO 180', 'Other', 3),
('Special Problem', 10, 'BIO 190', 'Other', 3),
('Special Topic', 10, 'BIO 191', 'Other', 3),
('Insect Genetics', 10, 'BIO/ENT 137', 'Other', 3),
('Phycology', 10, 'BOT 101', 'Other', 3),
('Morphology and Anatomy of Plants', 10, 'BOT 110', 'Other', 3),
('Advanced Plant Physiology', 10, 'BOT 120', 'Other', 3),
('Fundamentals of Plant Physiology', 10, 'BOT 20', 'Required', 3),
('Plant Growth', 10, 'BOT/HORT 132', 'Other', 3),
('Plant Biochemistry', 10, 'CHEM 162', 'Other', 3),
('General Entomology', 10, 'ENT 101', 'Other', 3),
('Insect Physiology', 10, 'ENT 120', 'Other', 3),
('Plant Tissue Culture', 10, 'HORT 133', 'Other', 3),
('Microbial Identification Techniques', 10, 'MCB 101', 'Other', 3),
('General Virology', 10, 'MCB 102', 'Other', 3),
('Introductory Medical Microbiology', 10, 'MCB 103', 'Other', 3),
('Microbial Physiology', 10, 'MCB 120', 'Required', 3),
('Microbial Genetics', 10, 'MCB 130', 'Other', 3),
('General Mycology', 10, 'PPTH 104', 'Other', 3),
('Fundamentals of Immunology', 10, 'VMCB 124', 'Required', 2),
('Comparative Vertebrate Anatomy', 10, 'ZOO 113', 'Other', 5),
('Animal Histology', 10, 'ZOO 115', 'Other', 3),
('Developmental Zoology', 10, 'ZOO 117', 'Other', 3),
('Animal Physiology', 10, 'ZOO 120', 'Required', 5),
('Introduction to Ecological Agriculture', 11, 'AGRI 121', 'Other', 3),
('Principles of Soil Science', 11, 'AGRI 51', 'Other', 3),
('Principles of Cell and Molecular Biology Techniques', 11, 'BIO 125', 'Other', 3),
('Intermediate Genetics I', 11, 'BIO 130a', 'Other', 3),
('Intermediate Genetics II', 11, 'BIO 130b', 'Other', 3),
('Introduction to Genomics and Bioinformatics', 11, 'BIO 134', 'Other', 3),
('Molecular Genetics', 11, 'BIO 138', 'Other', 3),
('Environmental Management', 11, 'BIO 151', 'Required', 3),
('Biogeography', 11, 'BIO 152', 'Other', 3),
('Cave Ecology', 11, 'BIO 154', 'Other', 3),
('Biology of Pollution', 11, 'BIO 155', 'Required', 3),
('Conservation Biology in the Tropics', 11, 'BIO 159', 'Other', 3),
('Special Problem', 11, 'BIO 190', 'Other', 3),
('Special Topic', 11, 'BIO 191', 'Other', 3),
('Phycology', 11, 'BOT 101', 'Other', 3),
('Advanced Plant Physiology', 11, 'BOT 120', 'Other', 3),
('Systematics of the Spermatophytes', 11, 'BOT 140', 'Other', 3),
('Plant Ecology', 11, 'BOT 150', 'Required', 3),
('Phytogeography', 11, 'BOT 152', 'Other', 3),
('Fundamentals of Plant Physiology', 11, 'BOT 20', 'Other', 3),
('Conservation of Natural Resources', 11, 'CERP 122', 'Other', 3),
('Agro-Industrial Waste Management', 11, 'CHE 180', 'Other', 2),
('General Environmental Chemistry', 11, 'CHEM 180', 'Other', 2),
('Pollution Chemistry', 11, 'CHEM 181', 'Other', 3),
('General Entomology', 11, 'ENT 101', 'Other', 3),
('Insect Taxonomy', 11, 'ENT 140', 'Other', 3),
('Insect Ecology', 11, 'ENT 151', 'Other', 3),
('Forest Biodiversity', 11, 'FBS 101', 'Other', 3),
('Forest Entomology', 11, 'FBS 126', 'Other', 3),
('Fundamentals of Environmental Forest Management', 11, 'FRM 102', 'Other', 3),
('Humans and their Environment', 11, 'HUME 105', 'Other', 3),
('Ecology and Value Systems', 11, 'HUME 110', 'Other', 3),
('Principles of Tropical Water Quality Management', 11, 'LWRE 178', 'Other', 3),
('Microbial Identification Techniques', 11, 'MCB 101', 'Other', 3),
('Microbial Physiology', 11, 'MCB 120', 'Other', 3),
('Microbial Genetics', 11, 'MCB 130', 'Other', 3),
('Microbial Ecology', 11, 'MCB 150', 'Required', 3),
('Introductory Phytobacteriology', 11, 'PPTH 103', 'Other', 3),
('General Mycology', 11, 'PPTH 104', 'Other', 3),
('Introductory Plant Virology', 11, 'PPTH 115', 'Other', 3),
('Fundamentals of Agroforestry', 11, 'SFI 123', 'Other', 3),
('Soil Fertility', 11, 'SOIL 150', 'Other', 3),
('Veterinary Bacteriology and Mycology', 11, 'VMCB 122', 'Other', 3),
('Veterinary Virology', 11, 'VMCB 123', 'Other', 2),
('Fundamentals of Immunology', 11, 'VMCB 124', 'Other', 2),
('Epidemiology', 11, 'VPH 121', 'Other', 3),
('Introduction to Philippine Wildlife', 11, 'WLDL 101', 'Other', 3),
('Principles of Wildlife Management', 11, 'WLDL 105', 'Other', 3),
('Wildlife Ecology', 11, 'WLDL 150', 'Other', 3),
('Techniques of Wildlife Management', 11, 'WLDL 195', 'Other', 3),
('Comparative Vertebrate Anatomy', 11, 'ZOO 113', 'Other', 3),
('Animal Physiology', 11, 'ZOO 120', 'Other', 3),
('Animal Taxonomy', 11, 'ZOO 140', 'Other', 3),
('Invertebrate Zoology', 11, 'ZOO 142', 'Other', 3),
('Herpetology', 11, 'ZOO 145', 'Other', 3),
('Ornithology', 11, 'ZOO 146', 'Other', 3),
('Mammalogy', 11, 'ZOO 148', 'Other', 3),
('Biology of Marine Mammals', 11, 'ZOO 149', 'Other', 3),
('Animal Ecology', 11, 'ZOO 150', 'Required', 3),
('Marine Zoology', 11, 'ZOO 151', 'Other', 5),
('Freshwater Zoology', 11, 'ZOO 152', 'Other', 3),
('Marine Animal Ecology', 11, 'ZOO 153', 'Other', 3),
('General Limnology', 11, 'ZOO 155', 'Other', 3),
('General Malacology', 11, 'ZOO 160', 'Other', 3),
('Introduction to Parasitology', 11, 'ZOO 173', 'Other', 3),
('Experimental Techniques in Agricultural Biotechnology II', 12, 'ABT 104', 'Other', 3),
('Molecular Markers', 12, 'ABT 106', 'Other', 3),
('Recombinant DNA Technology', 12, 'ABT 107', 'Other', 3),
('Methods in Plant Breeding I', 12, 'AGR 150', 'Other', 3),
('Plant Genetic Resources Conservation and Management', 12, 'AGR 160', 'Other', 3),
('Principles of Animal Breeding', 12, 'ANSC 103', 'Other', 3),
('Methods in Animal Breeding', 12, 'ANSC 161', 'Other', 3),
('Principles of Cell and Molecular Biology Techniques', 12, 'BIO 125', 'Other', 3),
('Intermediate Genetics I', 12, 'BIO 130a', 'Required', 3),
('Intermediate Genetics II', 12, 'BIO 130b', 'Required', 3),
('Cytogenetics', 12, 'BIO 131', 'Required', 3),
('Introduction to Genomics and Bioinformatics', 12, 'BIO 134', 'Required', 3),
('Molecular Genetics', 12, 'BIO 138', 'Required', 3),
('Human Genetics', 12, 'BIO 139', 'Other', 3),
('Special Problem', 12, 'BIO 190', 'Other', 3),
('Special Topic', 12, 'BIO 191', 'Other', 3),
('Insect Genetics', 12, 'BIO/ENT 137', 'Other', 3),
('Fundamentals of Plant Physiology', 12, 'BOT 20', 'Other', 3),
('Plant Growth', 12, 'BOT/HORT 132', 'Other', 3),
('Plant Biochemistry', 12, 'CHEM 162', 'Other', 3),
('Principles of Plant Breeding', 12, 'CRSC 105', 'Other', 3),
('Plant Tissue Culture', 12, 'HORT 133', 'Other', 3),
('General Virology', 12, 'MCB 102', 'Other', 3),
('Introductory Medical Microbiology', 12, 'MCB 103', 'Other', 3),
('Microbial Physiology', 12, 'MCB 120', 'Other', 3),
('Microbial Genetics', 12, 'MCB 130', 'Other', 4),
('Principles of Cell and Molecular Biology Techniques', 13, 'BIO 125', 'Other', 3),
('Intermediate Genetics', 13, 'BIO 130a', 'Other', 3),
('Introduction to Genomics and Bioinformatics', 13, 'BIO 134', 'Other', 3),
('Molecular Genetics', 13, 'BIO 138', 'Other', 3),
('Phycology', 13, 'BOT 101', 'Other', 3),
('Food Hygiene and Sanitation', 13, 'FST 166', 'Other', 3),
('Microbial Identification Techniques', 13, 'MCB 101', 'Required', 3),
('General Virology', 13, 'MCB 102', 'Required', 3),
('Introductory Medical Microbiology', 13, 'MCB 103', 'Other', 3),
('Microbial Physiology', 13, 'MCB 120', 'Required', 3),
('Microbial Genetics', 13, 'MCB 130', 'Required', 4),
('Microbial Ecology', 13, 'MCB 150', 'Required', 3),
('Introductory Food Microbiology', 13, 'MCB 180', 'Other', 3),
('Dairy Microbiology', 13, 'MCB 181', 'Other', 3),
('Industrial Microbiology', 13, 'MCB 182', 'Other', 3),
('Industrial Microbiology Laboratory', 13, 'MCB 182.1', 'Other', 2),
('Introductory Phytobacteriology', 13, 'PPTH 103', 'Other', 3),
('General Mycology', 13, 'PPTH 104', 'Required', 3),
('Introductory Plant Virology', 13, 'PPTH 115', 'Other', 3),
('Veterinary Bacteriology and Mycology', 13, 'VMCB 122', 'Other', 3),
('Veterinary Virology', 13, 'VMCB 123', 'Other', 2),
('Fundamentals of Immunology', 13, 'VMCB 124', 'Other', 2),
('Epidemiology', 13, 'VPH 121', 'Other', 3),
('Field Crop Physiology', 14, 'AGR 141', 'Other', 3),
('Fundamentals of Crop Science', 14, 'AGRI 31', 'Other', 3),
('Principles of Soil Science', 14, 'AGRI 51', 'Other', 3),
('Environmental Management', 14, 'BIO 151', 'Other', 3),
('Conservation Biology in the Tropics', 14, 'BIO 159', 'Other', 3),
('Biological Microtechnique', 14, 'BIO 180', 'Other', 3),
('Museum-Herbarium Curatorship', 14, 'BIO 192', 'Other', 3),
('Phycology', 14, 'BOT 101', 'Other', 3),
('Morphology and Anatomy of Plants', 14, 'BOT 110', 'Required', 3),
('Byrophytes and Vascular Cryptogams', 14, 'BOT 111', 'Other', 3),
('Advanced Plant Physiology', 14, 'BOT 120', 'Other', 3),
('Systematics of Spermatophytes', 14, 'BOT 140', 'Required', 3),
('Economic Botany', 14, 'BOT 142', 'Other', 3),
('Plant Ecology', 14, 'BOT 150', 'Other', 3),
('Phytogeography', 14, 'BOT 152', 'Required', 3),
('Special Topic', 14, 'BOT 191', 'Other', 3),
('Plant Histochemistry', 14, 'BOT 192', 'Other', 3),
('Fundamentals of Plant Physiology', 14, 'BOT 20', 'Required', 3),
('Inorganic Plant Nutrition', 14, 'BOT/HORT 131', 'Other', 3),
('Plant Growth', 14, 'BOT/HORT 132', 'Other', 3),
('Plant Biochemistry', 14, 'CHEM 162', 'Other', 3),
('Principles of Plant Breeding', 14, 'CRSC 105', 'Other', 3),
('Plant Tissue Culture', 14, 'HORT 133', 'Other', 3),
('General Mycology', 14, 'PPTH 104', 'Other', 3),
('Fundamentals of Agroforestry', 14, 'SFI 123', 'Other', 3),
('Soil Fertility', 14, 'SOIL 150', 'Other', 3),
('Principles of Cell and Molecular Techniques', 15, 'BIO 125', 'Other', 3),
('Intermediate Genetics I', 15, 'BIO 130a', 'Other', 3),
('Intermediate Genetics II', 15, 'BIO 130b', 'Other', 3),
('Cytogenetics', 15, 'BIO 131', 'Other', 3),
('Introduction to Genomics and Bioinformatics', 15, 'BIO 134', 'Other', 3),
('Insect Genetics', 15, 'BIO 137/ENT 137', 'Other', 3),
('Biogeography', 15, 'BIO 152', 'Required', 3),
('Cave Ecology', 15, 'BIO 154', 'Other', 3),
('Conservation Biology in the Tropics', 15, 'BIO 159', 'Other', 3),
('Biological Microtechniques', 15, 'BIO 180', 'Required', 3),
('Special Problem', 15, 'BIO 190', 'Other', 3),
('Special Topic', 15, 'BIO 191', 'Other', 3),
('Museum-Herbarium Curatorship', 15, 'BIO 192', 'Required', 3),
('Phycology', 15, 'BOT 101', '', 3),
('Morphology and Anatomy of Plants', 15, 'BOT 110', 'Other', 3),
('Bryophytes and Vascular Cryptogams', 15, 'BOT 111', 'Other', 3),
('Systematics of Spermatophytes', 15, 'BOT 140', 'Required', 3),
('Plant Ecology', 15, 'BOT 150', 'Other', 3),
('Phytogeography', 15, 'BOT 152', 'Other', 3),
('General Entomology', 15, 'ENT 101', 'Other', 3),
('Insect Morphology', 15, 'ENT 110', 'Other', 3),
('Insect Taxonomy', 15, 'ENT 140', 'Other', 3),
('Acarology', 15, 'ENT 146', 'Other', 3),
('Insect Ecology', 15, 'ENT 151', 'Other', 3),
('Entomological Techniques', 15, 'ENT 195', 'Other', 3),
('Forest Biodiversity', 15, 'FBS 101', 'Other', 3),
('Forest Entomology', 15, 'FBS 126', 'Other', 3),
('Forest Mycology', 15, 'FBS 140', 'Other', 3),
('Taxonomy of Forest Plants', 15, 'FBS 21', 'Other', 4),
('Microbial Identification Techniques', 15, 'MCB 101', 'Required', 3),
('General Virology', 15, 'MCB 102', 'Other', 3),
('Microbial Physiology', 15, 'MCB 120', 'Other', 3),
('Microbial Genetics', 15, 'MCB 130', 'Other', 3),
('General Mycology', 15, 'PPTH 104', 'Other', 3),
('Introduction to Philippines Wildlife', 15, 'WLDL 101', 'Other', 3),
('Comparative Vertebrate', 15, 'ZOO 113', 'Other', 5),
('Animal Taxonomy', 15, 'ZOO 140', 'Required', 3),
('Invertebrate Zoology', 15, 'ZOO 142', 'Other', 3),
('Herpetology', 15, 'ZOO 145', 'Other', 3),
('Ornithology', 15, 'ZOO 146', 'Other', 3),
('Mammalogy', 15, 'ZOO 148', 'Other', 3),
('Animal Ecology', 15, 'ZOO 150', 'Other', 3),
('Marine Zoology', 15, 'ZOO 151', 'Other', 3),
('Freshwater Zoology', 15, 'ZOO 152', 'Other', 3),
('General Limnology', 15, 'ZOO 155', 'Other', 3),
('General Malacology', 15, 'ZOO 160', 'Other', 3),
('Introduction to Parasitology', 15, 'ZOO 173', 'Other', 3),
('Ichthyology', 15, 'ZOO 180', 'Other', 3),
('Conservation Biology in the Tropics', 16, 'BIO 159', 'Other', 3),
('Biological Microtechniques', 16, 'BIO 180', 'Other', 3),
('Introduction to Philippine Wildlife', 16, 'WLDL 101', 'Required', 3),
('Principles of Wildlife Management', 16, 'WLDL 105', 'Other', 3),
('Wildlife Ecology', 16, 'WLDL 150', 'Required', 3),
('Techniques of Wildlife Management', 16, 'WLDL 195', 'Other', 3),
('Comparative Vertebrate Anatomy', 16, 'ZOO 113', 'Other', 5),
('Animal Histology', 16, 'ZOO 115', 'Other', 3),
('Developmental Zoology', 16, 'ZOO 117', 'Other', 3),
('Animal Physiology', 16, 'ZOO 120', 'Other', 5),
('Animal Behavior', 16, 'ZOO 122', 'Other', 3),
('Animal Toxinology', 16, 'ZOO 127', 'Other', 3),
('Animal Taxonomy', 16, 'ZOO 140', 'Other', 3),
('Herpetology', 16, 'ZOO 145', 'Other', 3),
('Ornithology', 16, 'ZOO 146', 'Other', 3),
('Mammalogy', 16, 'ZOO 148', 'Other', 3),
('Biology of Marine Animals', 16, 'ZOO 149', 'Other', 3),
('Marine Animal Ecology', 16, 'ZOO 153', 'Other', 3),
('Introduction to Parasitology', 16, 'ZOO 173', 'Other', 3),
('Ichthyology', 16, 'ZOO 180', 'Other', 3),
('Special Topic', 16, 'ZOO 191', 'Other', 3),
('Conservation Biology in the Tropics', 17, 'BIO 159', 'Other', 3),
('Biological Microtechniques', 17, 'BIO 180', 'Other', 3),
('Comparative Vertebrate Anatomy', 17, 'ZOO 113', 'Required', 5),
('Animal Histology', 17, 'ZOO 115', 'Other', 3),
('Developmental Zoology', 17, 'ZOO 117', 'Required', 3),
('Animal Physiology', 17, 'ZOO 120', 'Required', 5),
('Animal Behavior', 17, 'ZOO 122', 'Other', 3),
('Animal Toxinology', 17, 'ZOO 127', 'Other', 3),
('Animal Taxonomy', 17, 'ZOO 140', 'Other', 3),
('Invertebrate Zoology', 17, 'ZOO 142', 'Other', 3),
('Herpetology', 17, 'ZOO 145', 'Other', 3),
('Ornithology', 17, 'ZOO 146', 'Other', 3),
('Mammalogy', 17, 'ZOO 148', 'Other', 3),
('Biology of Marine Animals', 17, 'ZOO 149', 'Other', 3),
('Animal Ecology', 17, 'ZOO 150', 'Other', 3),
('Marine Zoology', 17, 'ZOO 151', 'Other', 5),
('Freshwater Zoology', 17, 'ZOO 152', 'Other', 3),
('Marine Animal Ecology', 17, 'ZOO 153', 'Other', 3),
('General Limnology', 17, 'ZOO 155', 'Other', 3),
('General Malacology', 17, 'ZOO 160', 'Other', 3),
('Introduction to Parasitology', 17, 'ZOO 173', 'Other', 3),
('Ichthyology', 17, 'ZOO 180', 'Other', 3),
('Introduction to Aquaculture', 17, 'ZOO 185', 'Other', 3),
('Special Topic', 17, 'ZOO 191', 'Other', 3),
('Zoological Techniques', 17, 'ZOO 91', 'Other', 3),
('Critical Perspectives in the Arts', 18, 'ARTS 1', '', 3),
('Physical Chemistry I', 18, 'CHEM 111', '', 3),
('Physical Chemistry I Laboratory', 18, 'CHEM 111.1', '', 2),
('Physical Chemistry II', 18, 'CHEM 112', '', 3),
('Physical Chemistry II Laboratory', 18, 'CHEM 112.1', '', 2),
('Physical Chemistry III', 18, 'CHEM 115', '', 3),
('Inorganic Chemistry', 18, 'CHEM 120', '', 3),
('Inorganic Chemistry Laboratory', 18, 'CHEM 120.1', '', 2),
('Technical Analysis I: Foods and Feeds', 18, 'CHEM 131', '', 4),
('Modern Analytical Chemistry', 18, 'CHEM 137', '', 3),
('Modern Analytical Chemistry Laboratory', 18, 'CHEM 137.1', '', 2),
('Organic Analysis', 18, 'CHEM 140', '', 4),
('General Biochemistry Laboratory', 18, 'CHEM 161.1', '', 2),
('General Biochemistry I', 18, 'CHEM 161a', '', 3),
('General Biochemistry II', 18, 'CHEM 161b', '', 3),
('Industrial Chemistry', 18, 'CHEM 171', '', 3),
('University Chemistry', 18, 'CHEM 18', '', 3),
('University Chemistry Laboratory', 18, 'CHEM 18.1', '', 2),
('General Environmental Chemistry', 18, 'CHEM 180', '', 3),
('Chemical Structure and Properties', 18, 'CHEM 19', '', 3),
('Chemical Information, Literature and Communication', 18, 'CHEM 192', '', 3),
('Practicum', 18, 'CHEM 198', '', 3),
('Undergraduate Seminar', 18, 'CHEM 199', '', 1),
('Undergraduate Thesis', 18, 'CHEM 200', '', 6),
('Quantitative Inorganic Analysis', 18, 'CHEM 32', '', 3),
('Quantitative Inorganic Analysis Laboratory', 18, 'CHEM 32.1', '', 2),
('Organic Chemistry I', 18, 'CHEM 43', '', 3),
('Organic Chemistry I Laboratory', 18, 'CHEM 43.1', '', 2),
('Organic Chemistry II', 18, 'CHEM 44', '', 3),
('Organic Chemistry II Laboratory', 18, 'CHEM 44.1', '', 2),
('Foundations of Computer Science', 18, 'CMSC 12', '', 3),
('Critical Perspectives in Communication', 18, 'COMM 10', '', 3),
('Ethics and Moral Reasoning in Everyday Life', 18, 'ETHICS 1', '', 3),
('Philippine History', 18, 'HIST 1', '', 3),
('Wellness and Basic Injury Management', 18, 'HK 11', '', 0),
('Basic Human Kinetics Activities', 18, 'HK 12', '', 0),
('Advanced Human Kinetics Activities', 18, 'HK 13', '', 0),
('Kasaysayan ng Pilipinas', 18, 'KAS 1', '', 3),
('Analytic Geometry and Calculus II', 18, 'MATH 27', '', 3),
('Analytic Geometry and Calculus III', 18, 'MATH 28', '', 3),
('Biology and Applications of Microorganisms', 18, 'MCB 11', '', 3),
('National Service Training Program', 18, 'NSTP 1', '', 0),
('National Service Training Program', 18, 'NSTP 2', '', 0),
('University Physics I', 18, 'PHYS 71', '', 4),
('University Physics I Laboratory', 18, 'PHYS 71.1', '', 1),
('University Physics II', 18, 'PHYS 72', '', 4),
('University Physics II Laboratory', 18, 'PHYS 72.1', '', 1),
('The Life, Works, and Writings of Jose Rizal', 18, 'PI 10', '', 3),
('Experimental Designs', 18, 'STAT 162', '', 3),
('Science, Technology and Society', 18, 'STS 1', '', 3),
('Critical Perspectives in the Arts', 19, 'ARTS 1', '', 3),
('Web Programming', 19, 'CMSC 100', '', 3),
('Foundations of Computer Science', 19, 'CMSC 12', '', 3),
('Data Structures', 19, 'CMSC 123', '', 3),
('Design and Implementation of Programming Languages', 19, 'CMSC 124', '', 3),
('Operating Systems', 19, 'CMSC 125', '', 3),
('File Processing and Database Systems', 19, 'CMSC 127', '', 3),
('Introduction to Software Engineering', 19, 'CMSC 128', '', 3),
('Logic Design and Digital Computer Circuits', 19, 'CMSC 130', '', 3),
('Introduction to Computer Organization and Machine-Level Programming', 19, 'CMSC 131', '', 3),
('Computer Architecture', 19, 'CMSC 132', '', 3),
('Data Communications and Networking', 19, 'CMSC 137', '', 3),
('Automata and Language Theory', 19, 'CMSC 141', '', 3),
('Design and Analysis of Algorithms', 19, 'CMSC 142', '', 3),
('Numerical & Symbolic Computation', 19, 'CMSC 150', '', 3),
('Introduction to Artificial Intelligence', 19, 'CMSC 170', '', 3),
('Human-Computer Interaction', 19, 'CMSC 173', '', 3),
('Introduction to Parallel Computing', 19, 'CMSC 180', '', 3),
('Special Problem', 19, 'CMSC 190', '', 3),
('Practicum', 19, 'CMSC 198', '', 3),
('Undergraduate Seminar', 19, 'CMSC 199', '', 1),
('Undergraduate Thesis', 19, 'CMSC 200', '', 6),
('Fundamentals of Programming', 19, 'CMSC 21', '', 3),
('Object-Oriented Programming', 19, 'CMSC 22', '', 3),
('Mobile Computing', 19, 'CMSC 23', '', 3),
('Discrete Mathematical Structures in Computer Science I', 19, 'CMSC 56', '', 3),
('Discrete Mathematical Structures in Computer Science II', 19, 'CMSC 57', '', 3),
('Critical Perspectives in Communication', 19, 'COMM 10', '', 3),
('Writing of Scientific Papers', 19, 'ENG 10', '', 3),
('Ethics and Moral Reasoning in Everyday Life', 19, 'ETHICS 1', '', 3),
('Philippine History', 19, 'HIST 1', '', 3),
('Wellness and Basic Injury Management', 19, 'HK 11', '', 0),
('Human Kinetics Activities', 19, 'HK 12', '', 0),
('Advanced Human Kinetics Activities', 19, 'HK 13', '', 0),
('Kasaysayan ng Pilipinas', 19, 'KAS 1', '', 3),
('Analytic Geometry & Calculus II', 19, 'MATH 27', '', 3),
('Analytic Geometry & Calculus III', 19, 'MATH 28', '', 3),
('National Service Training Program I', 19, 'NSTP 1', '', 0),
('National Service Training Program II', 19, 'NSTP 2', '', 0),
('The Life and Works of Jose Rizal', 19, 'PI 10', '', 3),
('Statistical Methods', 19, 'STAT 101', '', 3),
('Science, Technology and Society', 19, 'STS 1', '', 3),
('Fundamentals of Mathematical Computing', 20, 'AMAT 152', '', 3),
('Critical Perspectives in the Arts', 20, 'ARTS 1', '', 3),
('Investigative Biology Laboratory', 20, 'BIO 11.1', '', 2),
('University Chemistry', 20, 'CHEM 18', '', 3),
('University Chemistry Laboratory', 20, 'CHEM 18.1', '', 2),
('Workplace Communication', 20, 'COMA 150', '', 3),
('Critical Perspectives in Communication', 20, 'COMM 10', '', 3),
('Ethics and Moral Reasoning in Everyday Life', 20, 'ETHICS 1', '', 3),
('Philippine History', 20, 'HIST 1', '', 3),
('Wellness and Basic Injury Management', 20, 'HK 11', '', 0),
('Human Kinetics Activities', 20, 'HK 12', '', 0),
('Advanced Human Kinetics Activities', 20, 'HK 13', '', 0),
('Kasaysayan ng Pilipinas', 20, 'KAS 1', '', 3),
('Logic and Set Theory', 20, 'MATH 101', '', 3),
('Elementary Number Theory', 20, 'MATH 103', '', 3),
('Modern Algebra I', 20, 'MATH 111', '', 3),
('Linear Algebra', 20, 'MATH 120', '', 3),
('Euclidean and Non-Euclidean Geometry', 20, 'MATH 133', '', 3),
('Projective Geometry', 20, 'MATH 135', '', 3),
('Introductory Topology', 20, 'MATH 138', '', 3),
('Introductory Combinatorics', 20, 'MATH 141', '', 3),
('Ordinary Differential Equations', 20, 'MATH 151', '', 3),
('Advanced Calculus I', 20, 'MATH 155', '', 3),
('Complex Analysis I', 20, 'MATH 165', '', 3),
('Introduction to Probability Theory', 20, 'MATH 181', '', 3),
('Special Problem', 20, 'MATH 190', '', 3),
('Foundations of Mathematics', 20, 'MATH 192', '', 3),
('Research Methods in Mathematics', 20, 'MATH 195', '', 3),
('Practicum', 20, 'MATH 198', '', 3),
('Undergraduate Seminar', 20, 'MATH 199', '', 1),
('The Landscape of Mathematics', 20, 'MATH 20', '', 3),
('Undergraduate Thesis', 20, 'MATH 200', '', 6),
('Mathematical Analysis I', 20, 'MATH 36', '', 5),
('Mathematical Analysis II', 20, 'MATH 37', '', 3),
('Mathematical Analysis III', 20, 'MATH 38', '', 5),
('National Service Training Program I', 20, 'NSTP 1', '', 0),
('National Service Training Program II', 20, 'NSTP 2', '', 0),
('Elements of Physics', 20, 'PHYS 51', '', 4),
('Elements of Physics Laboratory', 20, 'PHYS 51.1', '', 1),
('The Life and Works of Jose Rizal', 20, 'PI 10', '', 3),
('Statistical Methods', 20, 'STAT 101', '', 3),
('Science, Technology and Society', 20, 'STS 1', '', 3),
('Finite Mathematics', 21, 'AMAT 19', '', 3),
('Investigative Biology Laboratory', 21, 'BIO 11.1', '', 2),
('Biodiversity', 21, 'BIO 14', '', 5),
('University Chemistry', 21, 'CHEM 18', '', 3),
('University Chemistry Laboratory', 21, 'CHEM 18.1', '', 2),
('University Chemistry', 21, 'CHEM 40', '', 4),
('University Chemistry Laboratory', 21, 'CHEM 40.1', '', 1),
('Philippine History', 21, 'HIST 1', '', 3),
('Wellness and Basic Injury Management', 21, 'HK 11', '', 0),
('Human Kinetics Activities', 21, 'HK 12', '', 0),
('Advanced Human Kinetics Activities', 21, 'HK 13', '', 0),
('Kasaysayan ng Pilipinas', 21, 'KAS 1', '', 3),
('Fundamental Calculus', 21, 'MATH 25', '', 3),
('Analytic Geometry and Calculus II', 21, 'MATH 27', '', 3),
('Field Study I', 21, 'MST 101a', '', 1),
('Field Study II', 21, 'MST 101b', '', 1),
('Foundations of Physics', 21, 'PHYS 50', '', 3),
('The Life and Works of Jose Rizal', 21, 'PI 10', '', 3),
('Science, Technology and Society', 21, 'STS 1', '', 3),
('Critical Perspective in the Arts', 22, 'ARTS 1', '', 3),
('Genetics', 22, 'BIO 30', '', 3),
('University Botany', 22, 'BOT 14', '', 3),
('Ecology', 22, 'BOT 150', '', 4),
('Introductory Biochemistry', 22, 'CHEM 160', '', 3),
('Workplace Communication', 22, 'COMA 150', '', 3),
('Critical Perspectives in Communication', 22, 'COMM 10', '', 3),
('Fundamentals of Educational Communication and Technology', 22, 'DEVC 40/MST 40', '', 3),
('Theories and Principles of Education', 22, 'EDUC 102', '', 3),
('Educational Psychology', 22, 'EDUC 111', '', 3),
('Principles and Strategies of Teaching', 22, 'EDUC 122', '', 3),
('Evaluation of Learning Outcomes', 22, 'EDUC 144', '', 3),
('Ethics and Moral Reasoning in Everyday Life', 22, 'ETHICS 1', '', 3),
('Human Physiology', 22, 'HFDS 12', '', 3),
('College Geometry', 22, 'MATH 18', '', 3),
('Biology and Applications of Microorganisms', 22, 'MCB 11', '', 3),
('Field Study III', 22, 'MST 101c', '', 1),
('Field Study IV', 22, 'MST 101d', '', 1),
('The Teaching of Mathematics and Science', 22, 'MST 123', '', 5),
('Special Problem', 22, 'MST 190', '', 3),
('Special Topic', 22, 'MST 191', '', 3),
('Research Methodologies in Education', 22, 'MST 195', '', 3),
('Undergraduate Seminar', 22, 'MST 199', '', 1),
('Student Teaching I (on campus)', 22, 'MST 200a', '', 3),
('Student Teaching I (off campus)', 22, 'MST 200b', '', 3),
('National Service Training Program I', 22, 'NSTP 1', '', 0),
('National Service Training Program II', 22, 'NSTP 2', '', 0),
('University Physics', 22, 'PHYS 71', '', 3),
('University Physics Laboratory', 22, 'PHYS 71.1', '', 1),
('University Physics II', 22, 'PHYS 72', '', 4),
('University Physics II Laboratory', 22, 'PHYS 72.1', '', 1),
('Speech Communication Strategies for Classroom Instructions', 22, 'SPCM 156', '', 3),
('Experimental Designs', 22, 'STAT 162', '', 3),
('Statistics for the Social Sciences', 22, 'STAT 166', '', 3),
('University Zoology', 22, 'ZOO 14', '', 3),
('Critical Perspectives in the Arts', 23, 'ARTS 1', '', 3),
('Genetics', 23, 'BIO 30', '', 3),
('Elementary Physical Chemistry', 23, 'CHEM 102', '', 3),
('Introductory Biochemistry', 23, 'CHEM 160', '', 3),
('Introductory Biochemistry Laboratory', 23, 'CHEM 160.1', '', 3),
('General Environmental Chemistry', 23, 'CHEM 180', '', 3),
('Quantitative Inorganic Analysis', 23, 'CHEM 32', '', 3),
('Quantitative Inorganic Analysis Laboratory', 23, 'CHEM 32.1', '', 2),
('Workplace Communication', 23, 'COMA 150', '', 3),
('Critical Perspectives in Communication', 23, 'COMM 10', '', 3),
('Fundamentals of Educational Communication and Technology', 23, 'DEVC 40/MST 40', '', 3),
('Educational Psychology', 23, 'EDUC 111', '', 3),
('Principles and Strategies of Teaching', 23, 'EDUC 122', '', 3),
('Evaluation of Learning Outcomes', 23, 'EDUC 144', '', 3),
('Ethics and Moral Reasoning in Everyday Life', 23, 'ETHICS 1', '', 3),
('College Geometry', 23, 'MATH 18', '', 3),
('Field Study III', 23, 'MST 101c', '', 1),
('Field Study IV', 23, 'MST 101d', '', 1),
('The Teaching of Mathematics and Science', 23, 'MST 123', '', 5),
('Special Problem', 23, 'MST 190', '', 3),
('Special Topic', 23, 'MST 191', '', 3),
('Research Methodologies in Education', 23, 'MST 195', '', 3),
('Undergraduate Seminar', 23, 'MST 199', '', 1),
('Student Teaching I (on campus)', 23, 'MST 200a', '', 3),
('Student Teaching I (off campus)', 23, 'MST 200b', '', 3),
('National Service Training Program I', 23, 'NSTP 1', '', 0),
('National Service Training Program II', 23, 'NSTP 2', '', 0),
('University Physics I', 23, 'PHYS 71', '', 4),
('University Physics I Laboratory', 23, 'PHYS 71.1', '', 1),
('University Physics II', 23, 'PHYS 72', '', 4),
('University Physics II Laboratory', 23, 'PHYS 72.1', '', 1),
('Speech Communication Strategies for Classroom Instructions', 23, 'SPCM 156', '', 3),
('Experimental Designs', 23, 'STAT 162', '', 3),
('Statistics for the Social Sciences', 23, 'STAT 166', '', 3),
('Matrices and Applications', 24, 'AMAT 105', '', 3),
('Critical Perspective in the Arts', 24, 'ARTS 1', '', 3),
('Genetics', 24, 'BIO 30', '', 3),
('Introductory Biochemistry', 24, 'CHEM 160', '', 3),
('Workplace Communication', 24, 'COMA 150', '', 3),
('Critical Perspectives in Communication', 24, 'COMM 10', '', 3),
('Fundamentals of Educational Communication and Technology', 24, 'DEVC 40/MST 40', '', 3),
('Theories and Principles of Education', 24, 'EDUC 102', '', 3),
('Educational Psychology', 24, 'EDUC 111', '', 3),
('Principles and Strategies of Teaching', 24, 'EDUC 122', '', 3),
('Evaluation of Learning Outcomes', 24, 'EDUC 144', '', 3),
('Ethics and Moral Reasoning in Everyday Life', 24, 'ETHICS 1', '', 3),
('Logic and Set Theory', 24, 'MATH 101', '', 3),
('Elementary Theory of Numbers', 24, 'MATH 103', '', 3),
('College Geometry', 24, 'MATH 18', '', 3),
('The Landscape of Mathematics', 24, 'MATH 20', '', 3),
('Analytic Geometry and Calculus III', 24, 'MATH 28', '', 3),
('Field Study III', 24, 'MST 101c', '', 1),
('Field Study IV', 24, 'MST 101d', '', 1),
('The Teaching of Mathematics and Science', 24, 'MST 123', '', 5),
('Special Problem', 24, 'MST 190', '', 3),
('Special Topic', 24, 'MST 191', '', 3),
('Research Methodologies in Education', 24, 'MST 195', '', 3),
('Undergraduate Seminar', 24, 'MST 199', '', 1),
('Student Teaching I (on campus)', 24, 'MST 200a', '', 3),
('Student Teaching I (off campus)', 24, 'MST 200b', '', 3),
('National Service Training Program I', 24, 'NSTP 1', '', 0),
('National Service Training Program II', 24, 'NSTP 2', '', 0),
('University Physics I', 24, 'PHYS 71', '', 4),
('University Physics I Laboratory', 24, 'PHYS 71.1', '', 1),
('University Physics II', 24, 'PHYS 72', '', 4),
('University Physics II Laboratory', 24, 'PHYS 72.1', '', 1),
('Speech Communication Strategies for Classroom Instructions', 24, 'SPCM 156', '', 3),
('Experimental Designs', 24, 'STAT 162', '', 3),
('Statistics for the Social Sciences', 24, 'STAT 166', '', 3),
('Physics in Scientific Instruments', 25, 'APHY 101', '', 3),
('Physics of Electronic Devices', 25, 'APHY 102', '', 3),
('Critical Perspective in the Arts', 25, 'ARTS 1', '', 3),
('Genetics', 25, 'BIO 30', '', 3),
('Introductory Biochemistry', 25, 'CHEM 160', '', 3),
('Foundations of Computer Science', 25, 'CMSC 12', '', 3),
('Workplace Communication', 25, 'COMA 150', '', 3),
('Critical Perspectives in Communication', 25, 'COMM 10', '', 3),
('Fundamentals of Educational Communication and Technology', 25, 'DEVC 40/MST 40', '', 3),
('Theories and Principles of Education', 25, 'EDUC 102', '', 3),
('Educational Psychology', 25, 'EDUC 111', '', 3),
('Principles and Strategies of Teaching', 25, 'EDUC 122', '', 3),
('Evaluation of Learning Outcomes', 25, 'EDUC 144', '', 3),
('Ethics and Moral Reasoning in Everyday Life', 25, 'ETHICS 1', '', 3),
('College Geometry', 25, 'MATH 18', '', 3),
('Field Study III', 25, 'MST 101c', '', 1),
('Field Study IV', 25, 'MST 101d', '', 1),
('The Teaching of Mathematics and Science', 25, 'MST 123', '', 5),
('Special Problem', 25, 'MST 190', '', 3),
('Special Topics', 25, 'MST 191', '', 3),
('Research Methodologies in Education', 25, 'MST 195', '', 3),
('Undergraduate Seminar', 25, 'MST 199', '', 1),
('Student Teaching (on campus)', 25, 'MST 200a', '', 3),
('Student Teaching I (off campus)', 25, 'MST 200b', '', 3),
('National Service Training Program I', 25, 'NSTP 1', '', 0),
('National Service Training Program II', 25, 'NSTP 2', '', 0),
('Experimental Physics I', 25, 'PHYS 192.1', '', 2),
('Experimental Physics II', 25, 'PHYS 193.1', '', 2),
('University Physics I', 25, 'PHYS 71', '', 4),
('University Physics I Laboratory', 25, 'PHYS 71.1', '', 1),
('University Physics II', 25, 'PHYS 72', '', 4),
('University Physics II Laboratory', 25, 'PHYS 72.1', '', 1),
('Speech Communication Strategies for Classroom Instructions', 25, 'SPCM 156', '', 3),
('Experimental Designs', 25, 'STAT 162', '', 3),
('Statistics for the Social Sciences', 25, 'STAT 166', '', 3),
('Science, Technology, and Society', 25, 'STS 1', '', 3),
('Foundations of Entrepreneurship', 26, 'ABME 10', '', 3),
('Critical Perspectives in the Arts', 26, 'ARTS 1', '', 3),
('Genetics', 26, 'BIO 30', '', 3),
('Foundations of Computer Science', 26, 'CMSC 12', '', 3),
('File Processing and Database Systems', 26, 'CMSC 127', '', 3),
('Fundamentals of Programming', 26, 'CMSC 21', '', 3),
('Object-Oriented Programming', 26, 'CMSC 22', '', 3),
('Critical Perspectives in Communication', 26, 'COMM 10', '', 3),
('General Economics', 26, 'ECON 11', '', 3),
('Writing Scientific Papers', 26, 'ENG 10', '', 3),
('Ethics and Moral Reasoning in Everyday Life', 26, 'ETHICS 1', '', 3),
('Philippine History', 26, 'HIST 1', '', 3),
('Wellness and Basic Injury Management', 26, 'HK 11', '', 0),
('Human Kinetics Activities', 26, 'HK 12', '', 0),
('Advanced Human Kinetics Activities', 26, 'HK 13', '', 0),
('Kasaysayan ng Pilipinas', 26, 'KAS 1', '', 3),
('Stochastic Processes', 26, 'MATH 182', '', 3),
('Analytic Geometry and Calculus II', 26, 'MATH 27', '', 3),
('Analytic Geometry and Calculus III', 26, 'MATH 28', '', 3),
('National Service Training Program I', 26, 'NSTP 1', '', 0),
('National Service Training Program II', 26, 'NSTP 2', '', 0),
('The Life and Works of Jose Rizal', 26, 'PI 10', '', 3),
('Statistical Methods', 26, 'STAT 101', '', 3),
('Logic and Matrix Algebra in Statistics', 26, 'STAT 135', '', 3),
('Introductory Statistical Theory I', 26, 'STAT 144', '', 3),
('Introductory Statistical Theory II', 26, 'STAT 145', '', 3),
('Introductory Statistical Theory II', 26, 'STAT 146', '', 3),
('Introduction to the Theory of Nonparametric Statistics', 26, 'STAT 147', '', 3),
('Introductory Bayesian Statistics', 26, 'STAT 148', '', 3),
('Applied Regression and Correlation', 26, 'STAT 151', '', 3),
('Introductory Time Series Analysis', 26, 'STAT 156', '', 3),
('Financial Risk Analysis', 26, 'STAT 157', '', 3),
('Experimental Designs', 26, 'STAT 162', '', 3),
('Survey Designs', 26, 'STAT 163', '', 3),
('Categorical Data Analysis', 26, 'STAT 165', '', 3),
('Statistical Quality Control', 26, 'STAT 167', '', 3),
('Response Surface Methodology', 26, 'STAT 168', '', 3),
('Survey Operations', 26, 'STAT 173', '', 3),
('Introductory Biostatistics', 26, 'STAT 174', '', 3),
('Analysis of Multivariate Data', 26, 'STAT 175', '', 3),
('Statistical Computing', 26, 'STAT 181', '', 3),
('Statistical Packages', 26, 'STAT 182', '', 3),
('Introductory Data Analytics', 26, 'STAT 183', '', 3),
('Special Problems', 26, 'STAT 190', '', 3),
('Special Topics', 26, 'STAT 191', '', 3),
('Statistical Consulting Laboratory', 26, 'STAT 192.1', '', 1),
('Practicum', 26, 'STAT 198', '', 3),
('Undergraduate Seminar', 26, 'STAT 199', '', 1),
('Science, Technology, and Society', 26, 'STS 1', '', 3),
('Farm Management', 27, 'AAE 111', '', 3),
('Agricultural Marketing I', 27, 'AAE 120', '', 3),
('Undergraduate Thesis', 27, 'ACHM 200', '', 6),
('Ethics, Laws and Policies in Agriculture', 27, 'AGRI 171', '', 3),
('Colloquium in Agriculture', 27, 'AGRI 199', '', 1),
('Introduction to Animal Science', 27, 'AGRI 21', '', 3),
('Introduction to Livestock and Poultry Production', 27, 'AGRI 22', '', 3),
('Fundamentals of Crop Science I', 27, 'AGRI 31', '', 3),
('Fundamentals of Crop Science II', 27, 'AGRI 32', '', 3),
('Principles of Crop Protection', 27, 'AGRI 41', '', 3),
('Pest Management', 27, 'AGRI 42', '', 3),
('Principles of Soil Science', 27, 'AGRI 51', '', 3),
('Agricultural Extension Communication', 27, 'AGRI 61', '', 3),
('Fundamentals of Mathematical Computing', 27, 'AMAT 152', '', 3),
('Critical Perspective in the Arts', 27, 'ARTS 1', '', 3),
('Genetics', 27, 'BIO 30', '', 3),
('Elementary Plant Physiology', 27, 'BOT 20', '', 3),
('Physical Chemistry I', 27, 'CHEM 111', '', 3),
('Physical Chemistry I Laboratory', 27, 'CHEM 111.1', '', 2),
('Physical Chemistry II', 27, 'CHEM 112', '', 3),
('Physical Chemistry II Laboratory', 27, 'CHEM 112.1', '', 2),
('Physical Chemistry III', 27, 'CHEM 115', '', 3),
('Inorganic Chemistry', 27, 'CHEM 120', '', 3),
('Technical Analysis I', 27, 'CHEM 131', '', 4),
('Technical Analysis II', 27, 'CHEM 133', '', 4),
('Modern Analytical Chemistry', 27, 'CHEM 137', '', 3),
('Modern Analytical Chemistry Laboratory', 27, 'CHEM 137.1', '', 2),
('Organic Analysis', 27, 'CHEM 140', '', 4),
('General Biochemistry Laboratory', 27, 'CHEM 161.1', '', 2),
('Biochemistry I', 27, 'CHEM 161a', '', 3),
('Biochemistry II', 27, 'CHEM 161b', '', 3),
('University Chemistry', 27, 'CHEM 18', '', 3),
('University Chemistry Laboratory', 27, 'CHEM 18.1', '', 2),
('General Environmental Chemistry', 27, 'CHEM 180', '', 3),
('Structure and Reactivity of Agricultural Chemicals', 27, 'CHEM 185', '', 3),
('Chemical Structure and Properties', 27, 'CHEM 19', '', 3),
('Chemical Information, Literature and Communication', 27, 'CHEM 192', '', 3),
('Practicum', 27, 'CHEM 198', '', 3),
('Undergraduate Seminar', 27, 'CHEM 199', '', 1),
('Quantitative Inorganic Analysis', 27, 'CHEM 32', '', 3),
('Quantitative Inorganic Analysis Laboratory', 27, 'CHEM 32.1', '', 2),
('Organic Chemistry I', 27, 'CHEM 43', '', 3),
('Organic Chemistry I Laboratory', 27, 'CHEM 43.1', '', 2),
('Organic Chemistry II', 27, 'CHEM 44', '', 3),
('Organic Chemistry II Laboratory', 27, 'CHEM 44.1', '', 2),
('Foundations of Computer Science', 27, 'CMSC 12', '', 3),
('Critical Perspectives in Communication', 27, 'COMM 10', '', 3),
('General Economics', 27, 'ECON 11', '', 3),
('Ethics and Moral Reasoning in Everyday Life', 27, 'ETHICS 1', '', 3),
('Philippine History', 27, 'HIST 1', '', 3),
('Wellness and Basic Injury Management', 27, 'HK 11', '', 0),
('Human Kinetics Activities', 27, 'HK 12', '', 0),
('Advanced Human Kinetics Activities', 27, 'HK 13', '', 0),
('Kasaysayan ng Pilipinas', 27, 'KAS 1', '', 3),
('Analytic Geometry and Calculus II', 27, 'MATH 27', '', 3),
('Analytic Geometry and Calculus III', 27, 'MATH 28', '', 3),
('Biology and Applications of Microorganisms', 27, 'MCB 11', '', 3),
('National Service Training Program I', 27, 'NSTP 1', '', 0),
('National Service Training Program II', 27, 'NSTP 2', '', 0),
('University Physics I', 27, 'PHYS 71', '', 4),
('University Physics Laboratory', 27, 'PHYS 71.1', '', 1),
('University Physics II', 27, 'PHYS 72', '', 4),
('University Physics II Laboratory', 27, 'PHYS 72.1', '', 1),
('The Life, Works and Writings of Jose Rizal', 27, 'PI 10', '', 3);
INSERT INTO `subjects` (`course_name`, `degree_id`, `course_number`, `required_choice`, `number_units`) VALUES
('Science, Technology and Society', 27, 'STS 1', '', 3),
('Language and Communication', 28, 'COMA 101', '', 3),
('Language and Culture', 28, 'COMA 104', '', 3),
('Principles of Public Relations', 28, 'COMA 105', '', 3),
('Introduction to Research', 28, 'COMA 192', '', 3),
('Workshop in Communication Arts', 28, 'COMA 193', '', 3),
('Thesis', 28, 'COMA 200', '', 6),
('Practicum', 28, 'COMA 200-a', '', 3),
('College English', 28, 'ENG 1', '', 3),
('English Prose Styles', 28, 'ENG 101', '', 3),
('Business and Professional Reports', 28, 'ENG 102', '', 3),
('College Writing in English', 28, 'ENG 2', '', 3),
('Masterpieces in World Literature', 28, 'ENG 4', '', 3),
('Mga Piling Katha ng mga Manunulat na Pilipino', 28, 'FIL 20', '', 3),
('Poklorikong Pilipino', 28, 'FIL 21', '', 3),
('Philippine Art and Society', 28, 'HUM 170', '', 3),
('Information Technology Literacy', 28, 'IT 1', '', 3),
('Problem Solving', 28, 'MATH 2', '', 3),
('National Service Training Program I', 28, 'NSTP 1', '', 0),
('National Service Training Program II', 28, 'NSTP 2', '', 0),
('Foundations of Physical Fitness', 28, 'PE 1', '', 0),
('Basic Course', 28, 'PE 2', '', 0),
('Advanced Course', 28, 'PE 3', '', 0),
('Philosophical Analysis', 28, 'PHLO 1', '', 3),
('The Life and Works of Dr. Jose Rizal', 28, 'PI 10', '', 3),
('Social Psychology', 28, 'SOC 130', '', 3),
('Foundations of Behavioral Sciences', 28, 'SOSC 1', '', 3),
('Voice and Diction', 28, 'SPCM 102', '', 3),
('Occasional Speeches', 28, 'SPCM 104', '', 3),
('History of the Theater', 28, 'THEA 101', '', 3),
('Theater Communication', 28, 'THEA 107', '', 3),
('Rhetoric', 29, 'SPCM 101', '', 3),
('Oral Interpretation', 29, 'SPCM 103', '', 3),
('Philippine Public Address', 29, 'SPCM 105', '', 3),
('Group Discussion and Leadership', 29, 'SPCM 106', '', 3),
('Communication in Public Relations', 29, 'SPCM 107', '', 3),
('Methods of Language Teaching', 30, 'COMA 141', '', 3),
('Directed Study', 30, 'COMA 190', '', 3),
('Critical Writing', 30, 'ENG 103', '', 3),
('Argument', 30, 'ENG 104', '', 3),
('Playwriting', 30, 'ENG 105', '', 3),
('Creative Writing', 30, 'ENG 106', '', 3),
('Mythology and Folklore', 30, 'ENG 107', '', 3),
('Creative Nonfiction', 30, 'ENG 155', '', 3),
('Pagsulat ng Kwentong Popular', 30, 'FIL 150', '', 3),
('Philippine Literature in English', 30, 'HUM 150', '', 3),
('Science and Technology in Literature', 30, 'HUM 160', '', 3),
('Acting', 31, 'THEA 108', '', 3),
('Directing', 31, 'THEA 109', '', 3),
('The Dynamics and Aesthetics of Community Theater', 31, 'THEA 114', '', 3),
('Drama for Children', 31, 'THEA 115', '', 3),
('Mathematical Modeling', 34, 'AMAT 110', '', 3),
('Computer Programming', 34, 'AMAT 150', '', 3),
('Finite Mathematics', 34, 'AMAT 19', '', 3),
('Special Problems', 34, 'AMAT 190', '', 3),
('Practicum', 34, 'AMAT 198', '', 3),
('Undergraduate Seminar', 34, 'AMAT 199', '', 1),
('College English', 34, 'ENG 1', '', 3),
('Logic Set Theory', 34, 'MATH 101', '', 3),
('Linear Algebra', 34, 'MATH 120', '', 3),
('Ordinary Differential Equations', 34, 'MATH 151', '', 3),
('Algebra and Trigonometry', 34, 'MATH 17', '', 5),
('Numerical Analysis I', 34, 'MATH 174', '', 3),
('Numerical Analysis II', 34, 'MATH 175', '', 3),
('Introduction to Probability Theory', 34, 'MATH 181', '', 3),
('Research Methods in Mathematics', 34, 'MATH 195', '', 3),
('Mathematical Analysis II', 34, 'MATH 37', '', 5),
('Mathematical Analysis III', 34, 'MATH 38', '', 3),
('National Service Training Program I', 34, 'NSTP 1', '', 0),
('National Service Training Program II', 34, 'NSTP 2', '', 0),
('Foundations of Physical Fitness', 34, 'PE 1', '', 0),
('Basic Course', 34, 'PE 2', '', 0),
('Advanced Course', 34, 'PE 3', '', 0),
('The Life and Works of Jose Rizal', 34, 'PI 10', '', 3),
('Speech Communication', 34, 'SPCM 1', '', 3),
('Physic of Scientific Instruments', 35, 'APHY 101', '', 3),
('Practicum', 35, 'APHY 198', '', 3),
('Undergraduate Seminar', 35, 'APHY 199', '', 1),
('Undergraduate Thesis', 35, 'APHY 200', '', 6),
('Introduction to Computer Science', 35, 'CMSC 11', '', 3),
('College English', 35, 'ENG 1 (AH)', '', 3),
('College Writing in English', 35, 'ENG 2 (AH)', '', 3),
('Algebra and Trigonometry', 35, 'Math 17', '', 5),
('Mathematical Analysis I', 35, 'MATH 36', '', 5),
('Mathematical Analysis II', 35, 'MATH 37', '', 5),
('Mathematical Analysis III', 35, 'MATH 38', '', 3),
('National Service Training Program', 35, 'NSTP 1', '', 0),
('National Service Training Program', 35, 'NSTP 2', '', 0),
('Foundation of Physical Fitness', 35, 'PE 1', '', 0),
('Basic Course', 35, 'PE 2', '', 0),
('Advance Course', 35, 'PE 3', '', 0),
('Mathematical Methods of Physics I', 35, 'PHYS 111', '', 4),
('Mathematical Methods of Physics II', 35, 'PHYS 112', '', 4),
('Computational Physics', 35, 'PHYS 115', '', 4),
('Theoretical Mechanics I', 35, 'PHYS 121', '', 3),
('Electronic Theory I', 35, 'PHYS 131', '', 3),
('Electromagnetic Theory II', 35, 'PHYS 132', '', 3),
('Quantum Physics I', 35, 'PHYS 141', '', 3),
('Statistical Physics I', 35, 'PHYS 151', '', 3),
('Experimental Physics II', 35, 'PHYS 192', '', 3),
('Research Methods in Physics', 35, 'PHYS 195', '', 3),
('The Life and Works of Jose Rizal', 35, 'PI 10', '', 3),
('Speech Communication', 35, 'SPCM 1 (AH)', '', 3),
('General Biology I', 36, 'BIO 1', '', 3),
('Introductory Molecular Biology', 36, 'BIO 101', '', 3),
('Cell Biology', 36, 'BIO 120', '', 3),
('Evolutionary Biology', 36, 'BIO 140', '', 3),
('Principles of Ecology', 36, 'BIO 150', '', 3),
('Undergraduate Seminar', 36, 'BIO 199', '', 1),
('Biodiversity', 36, 'BIO 3', '', 5),
('Genetics', 36, 'BIO 30', '', 3),
('Earth\'s Processes & Biological Systems', 36, 'BIO 70', '', 3),
('Intermediate Botany', 36, 'BOT 3', '', 3),
('General Chemistry I', 36, 'CHEM 16', '', 5),
('General Biochemistry', 36, 'CHEM 160', '', 3),
('General Chemistry II', 36, 'CHEM 17', '', 5),
('Basic Organic Chemistry', 36, 'CHEM 40', '', 4),
('Writing of Scientific Papers', 36, 'ENG 10', '', 3),
('College Writing in English', 36, 'ENG 2', '', 3),
('Mga Piling Katha ng mga Manunulat na Pilipino', 36, 'FIL 20', '', 3),
('College Algebra', 36, 'MATH 11', '', 3),
('Plane Trigonometry', 36, 'MATH 14', '', 3),
('Analytic Geometry and Calculus I', 36, 'MATH 26', '', 3),
('General Microbiology', 36, 'MCB 1', '', 3),
('Foundations of Physical Fitness', 36, 'PE 1', '', 0),
('Basic Course', 36, 'PE 2', '', 0),
('Advanced Course', 36, 'PE 3', '', 0),
('General Physics I', 36, 'PHYS 3', '', 3),
('The Life and Works of Jose Rizal', 36, 'PI 100', '', 3),
('Elementary Statistics', 36, 'STAT 1', '', 3),
('Intermediate Zoology', 36, 'ZOO 3', '', 3),
('Cytology', 37, 'BIO 102', 'Required', 3),
('Developmental Cell Biology', 37, 'BIO 121', 'Required', 3),
('Advanced Genetics I', 37, 'BIO 130a', 'Other', 3),
('Advanced Geneticsi II', 37, 'BIO 130b', 'Other', 3),
('Cytogenetics', 37, 'BIO 131', 'Other', 3),
('Insect Genetics', 37, 'BIO 137', 'Other', 3),
('Molecular Genetics', 37, 'BIO 138', 'Required', 3),
('Human Genetics', 37, 'BIO 139', 'Other', 3),
('Biological Microtechnique', 37, 'BIO 180', 'Other', 3),
('Special Problem', 37, 'BIO 190', 'Other', 3),
('Special Topic', 37, 'BIO 191', 'Other', 3),
('Phycology', 37, 'BOT 101', 'Other', 3),
('Morphology & Anatomy of Plants', 37, 'BOT 110', 'Other', 3),
('Advanced Plant Physiology', 37, 'BOT 120', 'Other', 3),
('Elementary Plant Physiology', 37, 'BOT 20', 'Required', 3),
('Plant Growth', 37, 'BOT/HORT 132', 'Other', 3),
('General Biochemistry Lab', 37, 'CHEM 160.1', 'Required', 2),
('Plant Biochemistry', 37, 'CHEM 162', 'Other', 3),
('General Entomology', 37, 'ENT 101', 'Other', 3),
('Insect Physiology', 37, 'ENT 120', 'Other', 3),
('Plant Tissue Culture', 37, 'HORT 113', 'Other', 3),
('Microbial Identification Techniques', 37, 'MCB 101', 'Other', 3),
('General Virology', 37, 'MCB 102', 'Other', 3),
('Introductory Medical Microbiology', 37, 'MCB 103', 'Other', 3),
('Microbial Physiology', 37, 'MCB 120', 'Required', 3),
('Microbial Genetics', 37, 'MCB 130', 'Other', 3),
('General Mycology', 37, 'PPTH 104', 'Other', 3),
('Comparative Vertebrate Anatomy', 37, 'ZOO 113', 'Other', 5),
('Animal Histology', 37, 'ZOO 115', 'Other', 3),
('Developmental Zoology', 37, 'ZOO 117', 'Other', 3),
('Animal Physiology', 37, 'ZOO 120', 'Required', 5),
('Principles of Tropical Water Quality Management', 38, 'AENG 147', 'Other', 3),
('Introduction to Ecological Agriculture', 38, 'AGRI 121', 'Other', 3),
('Advanced Genetics II', 38, 'BIO 130b', 'Other', 3),
('Plant Ecology', 38, 'BIO 150', 'Required', 3),
('Environmental Management', 38, 'BIO 151', 'Required', 3),
('Cave Ecology', 38, 'BIO 154', 'Other', 3),
('Biology of Pollution', 38, 'BIO 155', 'Required', 3),
('Conservation Biology in the Tropics', 38, 'BIO 159', 'Other', 3),
('Special Topics', 38, 'BIO 191', 'Other', 3),
('Phycology', 38, 'BOT 101', 'Other', 3),
('Advanced Plant Physiology', 38, 'BOT 120', 'Other', 3),
('Systematics of Spermatophytes', 38, 'BOT 140', 'Other', 3),
('Phytogeography', 38, 'BOT 152', 'Other', 3),
('Elementary Plant Physiology', 38, 'BOT 20', 'Other', 3),
('Conservation of Natural Resources', 38, 'CERP 122', 'Other', 3),
('Agro-Industrial Waste Management', 38, 'CHE 180', 'Other', 3),
('General Environment Chemistry', 38, 'CHEM 180', 'Other', 3),
('Pollution Chemistry', 38, 'CHEM 181', 'Other', 3),
('General Entemology', 38, 'ENT 101', 'Other', 3),
('Insect Taxonomy', 38, 'ENT 140', 'Other', 3),
('Insect Ecology', 38, 'ENT 151', 'Other', 3),
('Fundamentals of Environmental Forest Management', 38, 'FRM 110', 'Other', 3),
('Ecology and Value Systems', 38, 'HUME 102', 'Other', 3),
('Man and His Environment', 38, 'HUME 2', 'Other', 3),
('Microbial Identification Techniques', 38, 'MCB 101', 'Other', 3),
('Microbial Physiolgoy', 38, 'MCB 120', 'Other', 3),
('Microbial Genetics', 38, 'MCB 130', 'Other', 3),
('Microbial Ecology', 38, 'MCB 150', 'Required', 3),
('General Mycology', 38, 'PPTH 104', 'Other', 3),
('Fundamentals of Agroforestry', 38, 'SFI 123', 'Other', 3),
('Principles of Soil Science', 38, 'SOIL 1', 'Other', 3),
('Soil Fertility', 38, 'SOIL 150', 'Other', 3),
('Experimental Designs I', 38, 'STAT 162', 'Other', 3),
('Statistics of Life Sciences', 38, 'STAT 164', 'Other', 3),
('Introduction to Philippine Wildlife', 38, 'WLDL 101', 'Other', 3),
('Principles of Wildlife Management', 38, 'WLDL 105', 'Other', 3),
('Wildlife Ecology', 38, 'WLDL 155', 'Other', 3),
('Field Practicum', 38, 'WLDL 198', 'Other', 3),
('Comparative Vertebrate Anatomy', 38, 'ZOO 113', 'Other', 3),
('Animal Physiology', 38, 'ZOO 120', 'Other', 5),
('Animal Behavior', 38, 'ZOO 122', 'Other', 3),
('Animal Taxonomy', 38, 'ZOO 140', 'Other', 3),
('Invertebrate Zoology', 38, 'ZOO 142', 'Other', 3),
('Biology of Marine Mammals', 38, 'ZOO 149', 'Other', 3),
('Animal Ecology', 38, 'ZOO 150', 'Required', 3),
('Marine Zoology', 38, 'ZOO 151', 'Other', 3),
('Freshwater Zoology', 38, 'ZOO 152', 'Other', 3),
('General Limnology', 38, 'ZOO 155', 'Other', 3),
('Advanced Genetics I', 40, 'BIO 130a', 'Other', 3),
('Molecular Genetics', 40, 'BIO 138', 'Other', 3),
('Phycology', 40, 'BOT 101', 'Other', 3),
('Introductory Biochemistry Laboratory', 40, 'CHEM 160.1', 'Other', 3),
('Food Hygiene and Sanitation', 40, 'FST 166', 'Other', 3),
('Microbial Identification Techniques', 40, 'MCB 101', 'Required', 3),
('General Virology', 40, 'MCB 102', 'Required', 3),
('Introductory Medical Microbiology', 40, 'MCB 103', 'Other', 3),
('Microbial Physiology', 40, 'MCB 120', 'Required', 3),
('Microbial Genetics', 40, 'MCB 130', 'Required', 4),
('Microbial Ecology', 40, 'MCB 150', 'Required', 3),
('Industrial Microbiology', 40, 'MCB 160', 'Other', 3),
('Industrial Microbiology Laboratory', 40, 'MCB 160.1', 'Other', 2),
('Introductory Food Microbiology', 40, 'MCB 180', 'Other', 3),
('Dairy Microbiology', 40, 'MCB 181', 'Other', 3),
('Introductory Phytobacteriology', 40, 'PPATH 103', 'Other', 3),
('General Mycology', 40, 'PPATH 104', 'Required', 3),
('Introductory Plant Virology', 40, 'PPATH 115', 'Other', 3),
('Veterinary Bacteriology and Mycology', 40, 'VMCB 122', 'Other', 3),
('Veterinary Virology', 40, 'VMCB 123', 'Other', 2),
('Fundamentals of Immunology', 40, 'VMCB 124', 'Other', 2),
('Epidemiology', 40, 'VPH 121', 'Other', 3),
('Field Crop Physiology', 41, 'AGR 141', 'Other', 3),
('Principles of Plant Breeding', 41, 'AGR 50', 'Other', 3),
('Environmental Management', 41, 'BIO 151', 'Other', 3),
('Conservation Biology in the Tropics', 41, 'BIO 159', 'Other', 3),
('Biological Microtechniques', 41, 'BIO 180', 'Other', 3),
('Museum Herbarium Curatorship', 41, 'BIO 192', 'Other', 3),
('Phycology', 41, 'BOT 101', 'Other', 3),
('Morphology and Anatomy of Plants', 41, 'BOT 110', 'Required', 3),
('Bryophytes and Vascular Cryptograms', 41, 'BOT 111', 'Other', 3),
('Advance Plant Physiology', 41, 'BOT 120', 'Other', 3),
('Systematics of the Spermatophytes', 41, 'BOT 140', 'Required', 3),
('Economic Botany', 41, 'BOT 142', 'Other', 3),
('Plant Ecology', 41, 'BOT 150', 'Other', 3),
('Phytogeography', 41, 'BOT 152', 'Required', 3),
('Special Topics', 41, 'BOT 191', 'Other', 3),
('Plant Histochemistry', 41, 'BOT 192', 'Other', 3),
('Elementary Plant Physiology', 41, 'BOT 20', 'Required', 3),
('Inorganic Plant Nutrition', 41, 'BOT/HORT 131', 'Other', 3),
('Plant Growth', 41, 'BOT/HORT 132', 'Other', 3),
('Introductory Biochemistry Laboratory', 41, 'CHEM 160.1', 'Other', 2),
('Plant Biochemistry', 41, 'CHEM 162', 'Other', 3),
('Fundamentals of Crop Science I', 41, 'CRSC 1', 'Other', 3),
('Plant Tissue Culture', 41, 'HORT 113', 'Other', 3),
('General Mycology', 41, 'PPTH 104', 'Other', 3),
('Fundamentals of Agroforestry', 41, 'SFI 123', 'Other', 3),
('Principles of Soil Science', 41, 'SOIL 1', 'Other', 3),
('Soil Fertility', 41, 'SOIL 150', 'Other', 3),
('Experimental Designs I', 41, 'STAT 162', 'Other', 3),
('Statistics for the Biological Sciences', 41, 'STAT 164', 'Other', 3),
('Computer Programming', 44, 'AMAT 150', '', 3),
('General Biology I', 44, 'BIO 1', '', 3),
('General Biology II', 44, 'BIO 2', '', 3),
('Introduction to Plant Science ', 44, 'BOT 1', '', 3),
('Physical Chemistry I', 44, 'CHEM 111', '', 3),
('Physical Chemistry I Laboratory', 44, 'CHEM 111.1', '', 2),
('Physical Chemistry II', 44, 'CHEM 112', '', 3),
('Physical Chemistry II Laboratory', 44, 'CHEM 112.1', '', 2),
('Physical Chemistry III', 44, 'CHEM 115', '', 3),
('Introduction to Computer Science', 44, 'CHEM 120', '', 3),
('Inorganic Chemistry Laboratory', 44, 'CHEM 120.1', '', 2),
('Modern Analytical Chemistry', 44, 'CHEM 137', '', 3),
('Modern Analytical Chemistry Laboratory', 44, 'CHEM 137.1', '', 2),
('Organic Analysis', 44, 'CHEM 140', '', 4),
('General Chemistry I', 44, 'CHEM 16', '', 3),
('General Chemistry I Laboratory', 44, 'CHEM 16.1', '', 2),
('General Biochemistry', 44, 'CHEM 161', '', 4),
('General Biochemistry Laboratory', 44, 'CHEM 161.1', '', 2),
('General Chemistry II', 44, 'CHEM 17', '', 3),
('General Chemistry II Laboratory', 44, 'CHEM 17.1', '', 2),
('Industrial Chemistry', 44, 'CHEM 171', '', 2),
('General Environmental Chemistry', 44, 'CHEM 180', '', 3),
('Chemical Literature', 44, 'CHEM 192', '', 3),
('Undergraduate Seminar', 44, 'CHEM 199', '', 2),
('Undergraduate Thesis', 44, 'CHEM 200', '', 6),
('Quantitative Inorganic Analysis', 44, 'CHEM 32', '', 3),
('Quantitative Inorganic Analysis Laboratory', 44, 'CHEM 32.1', '', 2),
('Organic Chemistry I', 44, 'CHEM 43', '', 3),
('Organic Chemistry I Laboratory', 44, 'CHEM 43.1', '', 2),
('Organic Chemistry II', 44, 'CHEM 44', '', 3),
('Organic Chemistry II Laboratory', 44, 'CHEM 44.1', '', 2),
('Introduction to Computer Science', 44, 'CMSC 11', '', 3),
('College English', 44, 'ENG 1', '', 3),
('College Writing in English', 44, 'ENG 2', '', 3),
('Philippine History', 44, 'HIST 1', '', 3),
('College Algebra and Trigonometry', 44, 'MATH 17', '', 3),
('Analytic Geometry and Calculus I', 44, 'MATH 26', '', 3),
('Analytic Geometry and Calculus II', 44, 'MATH 27', '', 3),
('Analytic Geometry and Calculus III', 44, 'MATH 28', '', 3),
('General Microbiology', 44, 'MCB 1', '', 3),
('National Service Training Program I', 44, 'NSTP 1', '', 0),
('National Service Training Program II', 44, 'NSTP 2', '', 0),
('Foundations of Physical Fitness', 44, 'PE 1', '', 0),
('Basic Course', 44, 'PE 2', '', 0),
('Advanced Course', 44, 'PE 3', '', 0),
('Fundamental Physics', 44, 'PHYS 81', '', 5),
('Fundamental Physics II', 44, 'PHYS 82', '', 5),
('Fundamental Physics III', 44, 'PHYS 83', '', 5),
('The Life and Works of Jose Rizal', 44, 'PI 10', '', 3),
('Speech Communication', 44, 'SPCM 1', '', 3),
('Elementary Statistics', 44, 'STAT 1', '', 3),
('General Zoology', 44, 'ZOO 1', '', 3),
('Web Programming', 45, 'CMSC 100', '', 3),
('Introduction to Computer Science', 45, 'CMSC 11', '', 3),
('Data Structures', 45, 'CMSC 123', '', 3),
('Design and Implementation of Programming Languages', 45, 'CMSC 124', '', 3),
('Operating Systems', 45, 'CMSC 125', '', 3),
('File Processing and Database Systems', 45, 'CMSC 127', '', 3),
('Introduction to Software Engineering', 45, 'CMSC 128', '', 3),
('Logic Design and Digital Computer Circuits', 45, 'CMSC 130', '', 3),
('Introduction to Computer Organization and Machine-Level Programming', 45, 'CMSC 131', '', 3),
('Computer Architecture', 45, 'CMSC 132', '', 3),
('Data Communications and Networking', 45, 'CMSC 137', '', 3),
('Automata and Language Theory', 45, 'CMSC 141', '', 3),
('Design and Analysis of Algorithms', 45, 'CMSC 142', '', 3),
('Numerical and Symbolic Computation', 45, 'CMSC 150', '', 3),
('Artificial Intelligence', 45, 'CMSC 170', '', 3),
('Undergraduate Practicum', 45, 'CMSC 190', '', 3),
('Special Problem', 45, 'CMSC 190a', '', 1),
('Special Problem', 45, 'CMSC 190b', '', 2),
('Undergraduate Seminar', 45, 'CMSC 199', '', 1),
('Introduction to the Internet', 45, 'CMSC 2', '', 3),
('Undergraduate Thesis', 45, 'CMSC 200', '', 6),
('Fundamentals of Programming', 45, 'CMSC 21', '', 3),
('Object-Oriented Programming', 45, 'CMSC 22', '', 3),
('Discrete Mathematical Structures in Computer Science I', 45, 'CMSC 56', '', 3),
('Discrete Mathematical Structures in Computer Science II', 45, 'CMSC 57', '', 3),
('College English', 45, 'ENG 1', '', 3),
('Scientific Writing', 45, 'ENG 10', '', 3),
('College Writing in English', 45, 'ENG 2', '', 3),
('College Algebra and Trigonometry', 45, 'MATH 17', '', 3),
('Analytic Geometry and Calculus I', 45, 'MATH 26', '', 3),
('Analytic Geometry and Calculus II', 45, 'MATH 27', '', 3),
('Analytic Geometry and Calculus III', 45, 'MATH 28', '', 3),
('National Service Training Program I', 45, 'NSTP 1', '', 0),
('National Service Training Program II', 45, 'NSTP 2', '', 0),
('Foundations of Physical Fitness', 45, 'PE 1', '', 0),
('Basic Course', 45, 'PE 2', '', 0),
('Advanced Course', 45, 'PE 3', '', 0),
('The Life and Works of Jose Rizal', 45, 'PI 10', '', 3),
('Speech Communication', 45, 'SPCM 1', '', 3),
('Elementary Statistics', 45, 'STAT 1', '', 3),
('Computer Programming', 46, 'AMAT 150', '', 3),
('College English', 46, 'ENG 1', '', 3),
('College Writing in English', 46, 'ENG 2', '', 3),
('Logic and Set Theory', 46, 'MATH 101', '', 3),
('Elementary Theory of Numbers', 46, 'MATH 103', '', 3),
('Modern Algebra I', 46, 'MATH 111', '', 3),
('Modern Algebra II', 46, 'MATH 112', '', 3),
('Linear Algebra', 46, 'MATH 120', '', 3),
('Metric Geometry', 46, 'MATH 130', '', 3),
('Non-Euclidean Geometries', 46, 'MATH 133', '', 3),
('Projective Geometry', 46, 'MATH 135', '', 3),
('Introductory Topology', 46, 'MATH 138', '', 3),
('Introductory Combinatorics', 46, 'MATH 141', '', 3),
('Graph Theory', 46, 'MATH 143', '', 3),
('Ordinary Differential Equations', 46, 'MATH 151', '', 3),
('Partial Differential Equations', 46, 'MATH 152', '', 3),
('Advanced Calculus I', 46, 'MATH 155', '', 3),
('Advanced Calculus II', 46, 'MATH 156', '', 3),
('Vector Analysis', 46, 'MATH 160', '', 3),
('Complex Analysis I', 46, 'MATH 165', '', 3),
('Complex Analysis II', 46, 'MATH 166', '', 3),
('College Algebra and Trigonometry', 46, 'MATH 17', '', 3),
('Finite Differences', 46, 'MATH 170', '', 3),
('Numerical Analysis I', 46, 'MATH 174', '', 3),
('Numerical Analysis II', 46, 'MATH 175', '', 3),
('Introduction to Probability Theory', 46, 'MATH 181', '', 3),
('Stochastic Processes', 46, 'MATH 182', '', 3),
('Special Problem', 46, 'MATH 190', '', 3),
('Special Topics', 46, 'MATH 191', '', 3),
('Foundations of Mathematics', 46, 'MATH 192', '', 3),
('Research Methods in Mathematics', 46, 'MATH 195', '', 3),
('Undergraduate Seminar', 46, 'MATH 199', '', 1),
('The Landscape of Mathematics', 46, 'MATH 20', '', 3),
('Undergraduate Thesis', 46, 'MATH 200a', '', 2),
('Undergraduate Thesis', 46, 'MATH 200b', '', 2),
('Undergraduate Thesis', 46, 'MATH 200c', '', 2),
('Mathematical Analysis I', 46, 'MATH 36', '', 3),
('Mathematical Analysis II', 46, 'MATH 37', '', 3),
('Mathematical Analysis III', 46, 'MATH 38', '', 3),
('National Service Training Program I', 46, 'NSTP 1', '', 0),
('National Service Training Program II', 46, 'NSTP 2', '', 0),
('Foundations of Physical Fitness', 46, 'PE 1', '', 0),
('Basic Course', 46, 'PE 2', '', 0),
('Advanced Course', 46, 'PE 3', '', 0),
('The Life and Works of Jose Rizal', 46, 'PI 10', '', 3),
('Speech Communication', 46, 'SPCM 1', '', 3),
('Elementary Statistics', 46, 'STAT 1', '', 3),
('Computer Programming', 48, 'AMAT 150', '', 3),
('General Biology', 48, 'BIO 1', '', 3),
('Principles of Ecology', 48, 'BIO 150', '', 3),
('Biodiveristy', 48, 'BIO 3', '', 3),
('Genetics', 48, 'BIO 30', '', 3),
('General Chemistry I', 48, 'CHEM 16', '', 3),
('General Chemistry I Laboratory', 48, 'CHEM 16.1', '', 2),
('General Chemistry II', 48, 'CHEM 17', '', 3),
('General Chemistry II Laboratory', 48, 'CHEM 17.1', '', 2),
('Fundamentals of Educational Communication and Technology', 48, 'DEVC 40', '', 3),
('Theories and Principles of Education', 48, 'EDUC 102', '', 3),
('Educational Psychology', 48, 'EDUC 111', '', 3),
('Principles and Strategies of Teaching', 48, 'EDUC 122', '', 3),
('Evaluating Learning Outcomes', 48, 'EDUC 144', '', 3),
('College English', 48, 'ENG 1', '', 3),
('College Writing in English', 48, 'ENG 2', '', 3),
('Logic and Set Theory', 48, 'MATH 101', '', 3),
('Elementary Theory of Numbers', 48, 'MATH 103', '', 3),
('College Algebra', 48, 'MATH 11', '', 3),
('Linear Algebra', 48, 'MATH 120', '', 3),
('Plane Trigonometry', 48, 'MATH 14', '', 3),
('Ordinary Differential Equations', 48, 'MATH 151', '', 3),
('Introduction to Probability Theory', 48, 'MATH 18', '', 3),
('The Landscape of Mathematics', 48, 'MATH 20', '', 3),
('Analytic Geometry and Calculus I', 48, 'MATH 26', '', 3),
('Analytic Geometry and Calculus II', 48, 'MATH 27', '', 3),
('Analytic Geometry and Calculus III', 48, 'MATH 28', '', 3),
('Field Study I', 48, 'MST 101a', '', 3),
('Field Study II', 48, 'MST 101b', '', 3),
('FIeld Study III', 48, 'MST 101c', '', 3),
('Field Study IV', 48, 'MST 101d', '', 3),
('The Teaching of Mathematics and Science', 48, 'MST 123', '', 3),
('Special Problem', 48, 'MST 190', '', 3),
('Research Methodologies in Education', 48, 'MST 195', '', 3),
('Research Methodologies in Education Laboratory', 48, 'MST 195.1', '', 3),
('Undergraduate Seminar', 48, 'MST 199', '', 1),
('Student Teaching I (on campus)', 48, 'MST 200a', '', 3),
('Student Teaching I', 48, 'MST 200b', '', 3),
('Fundamentals of Educational Communication and Technology', 48, 'MST 40', '', 3),
('National Service Training Program I', 48, 'NSTP 1', '', 0),
('National Service Training Program II', 48, 'NSTP 2', '', 0),
('Foundations of Physical Fitness', 48, 'PE 1', '', 0),
('Basic Course', 48, 'PE 2', '', 0),
('Advanced Course', 48, 'PE 3', '', 0),
('General Physics II', 48, 'PHYS 13', '', 3),
('Optics and Modern Physics', 48, 'PHYS 23', '', 3),
('General Physics I', 48, 'PHYS 3', '', 3),
('The Life and Works of Rizal', 48, 'PI 10', '', 3),
('Research Methodologies in the Social Sciences', 48, 'SOC 195', '', 3),
('Speech Communication', 48, 'SPCM 1', '', 3),
('Elementary Statistics', 48, 'STAT 1', '', 3),
('Statistics for the Social Sciences', 48, 'STAT 166', '', 3),
('General Biology', 49, 'BIO 1', '', 3),
('Principles of Ecology', 49, 'BIO 150', '', 3),
('Biological Microtechniques', 49, 'BIO 180', '', 3),
('Biodiversity', 49, 'BIO 3', '', 3),
('Genetics', 49, 'BIO 30', '', 3),
('Earth\'s Processes and Biological Systems', 49, 'BIO 70', '', 3),
('Intermediate Botany', 49, 'BOT 3', '', 3),
('General Chemistry I', 49, 'CHEM 16', '', 3),
('General Chemistry I Laboratory', 49, 'CHEM 16.1', '', 3),
('Introductory Biochemistry', 49, 'CHEM 160', '', 3),
('General Chemistry II', 49, 'CHEM 17', '', 3),
('General Chemistry II Laboratory', 49, 'CHEM 17.1', '', 3),
('Basic Organic Chemistry', 49, 'CHEM 40', '', 3),
('Basic Organic Chemistry Laboratory', 49, 'CHEM 40.1', '', 3),
('Fundamentals of Educational Communication and Technology', 49, 'DEVC 40', '', 3),
('Theories and Principles of Education', 49, 'EDUC 102', '', 3),
('Educational Psychology', 49, 'EDUC 111', '', 3),
('The Principles and Strategies of Teaching', 49, 'EDUC 122', '', 3),
('Evaluation of Learning Outcomes', 49, 'EDUC 144', '', 3),
('College English', 49, 'ENG 1', '', 3),
('College Writing in English', 49, 'ENG 2', '', 3),
('Human Physiology', 49, 'HFDS 12', '', 3),
('College Algebra', 49, 'MATH 11', '', 3),
('Plane Trigonometry', 49, 'MATH 14', '', 3),
('College Geometry', 49, 'MATH 18', '', 3),
('Analytic Geometry and Calculus I', 49, 'MATH 26', '', 3),
('General Microbiology', 49, 'MCB 1', '', 3),
('Field Study I', 49, 'MST 101a', '', 3),
('Field Study II', 49, 'MST 101b', '', 3),
('Field Study III', 49, 'MST 101c', '', 3),
('Field Study IV', 49, 'MST 101d', '', 3),
('The Teaching of Mathematics and Science', 49, 'MST 123', '', 5),
('Special Problem', 49, 'MST 190', '', 3),
('Research Methodologies in Education', 49, 'MST 195', '', 3),
('Research Methodologies in Education Laboratory', 49, 'MST 195.1', '', 3),
('Undergraduate Seminar', 49, 'MST 199', '', 2),
('Student Teaching (on-campus)', 49, 'MST 200a', '', 3),
('Student Teaching (off-campus)', 49, 'MST 200b', '', 3),
('Fundamentals of Educational Communication and Technology', 49, 'MST 40', '', 3),
('National Service Training Program I', 49, 'NSTP 1', '', 0),
('National Service Training Program II', 49, 'NSTP 2', '', 0),
('Foundations of Physical Fitness', 49, 'PE 1', '', 0),
('Basic Course', 49, 'PE 2', '', 0),
('Advanced Course', 49, 'PE 3', '', 0),
('General Physics II', 49, 'PHYS 13', '', 3),
('Optics and Modern Physics', 49, 'PHYS 23', '', 3),
('General Physics I', 49, 'PHYS 3', '', 3),
('The Life and Works of Rizal', 49, 'PI 10', '', 3),
('Research Methodologies in the Social Sciences', 49, 'SOC 195', '', 3),
('Speech Communication', 49, 'SPCM 1', '', 3),
('Elementary Statistics', 49, 'STAT 1', '', 3),
('Statistics for the Social Sciences', 49, 'STAT 166', '', 3),
('Intermediate Zoology', 49, 'ZOO 3', '', 3),
('General Biology', 50, 'BIO 1', '', 3),
('Principles of Ecology', 50, 'BIO 150', '', 3),
('Biodiversity', 50, 'BIO 3', '', 3),
('Elementary Physical Chemistry', 50, 'CHEM 102', '', 3),
('General Chemistry I', 50, 'CHEM 16', '', 3),
('General Chemistry I Laboratory', 50, 'CHEM 16.1', '', 3),
('Introductory Biochemistry', 50, 'CHEM 160', '', 3),
('General Chemistry II', 50, 'CHEM 17', '', 3),
('General Chemistry II Laboratory', 50, 'CHEM 17.1', '', 3),
('Environmental Chemistry', 50, 'CHEM 180', '', 3),
('Quantitative Inorganic Analysis', 50, 'CHEM 32', '', 3),
('Quantitative Inorganic Analysis Laboratory', 50, 'CHEM 32.1', '', 3),
('Basic Organic Chemistry', 50, 'CHEM 40', '', 3),
('Basic Organic Chemistry Laboratory', 50, 'CHEM 40.1', '', 3),
('Practicum', 50, 'COMA 198', '', 3),
('Fundamentals of Educational Communication and Technology', 50, 'DEVC 40', '', 3),
('General Economics', 50, 'ECON 11', '', 3),
('Theories and Principles of Education', 50, 'EDUC 102', '', 3),
('Educational Psychology', 50, 'EDUC 111', '', 3),
('The Principles and Strategies of Teaching', 50, 'EDUC 122', '', 3),
('Evaluation of Learning Outcomes', 50, 'EDUC 144', '', 3),
('College English', 50, 'ENG 1', '', 3),
('College Writing in English', 50, 'ENG 2', '', 3),
('College Algebra', 50, 'MATH 11', '', 3),
('Plane Trigonometry', 50, 'MATH 14', '', 3),
('College Geometry', 50, 'MATH 18', '', 3),
('Analytic Geometry and Calculus I', 50, 'MATH 26', '', 3),
('Analytic Geometry and Calculus II', 50, 'MATH 27', '', 3),
('Field Study I', 50, 'MST 101a', '', 3),
('Field Study II', 50, 'MST 101b', '', 3),
('Field Study III', 50, 'MST 101c', '', 3),
('Field Study IV', 50, 'MST 101d', '', 3),
('The Teaching of Mathematics and Science', 50, 'MST 123', '', 5),
('Special Problem', 50, 'MST 190', '', 3),
('Research Methodologies in Education', 50, 'MST 195', '', 3),
('Research Methodologies in Education Laboratory', 50, 'MST 195.1', '', 3),
('Undergraduate Seminar', 50, 'MST 199', '', 1),
('Student Teaching (on-campus)', 50, 'MST 200a', '', 3),
('Student Teaching (off-campus)', 50, 'MST 200b', '', 3),
('Fundamentals of Educational Communication and Technology', 50, 'MST 40', '', 3),
('National Service Training Program I', 50, 'NSTP 1', '', 0),
('National Service Training Program II', 50, 'NSTP 2', '', 0),
('Foundations of Physical Fitness', 50, 'PE 1', '', 0),
('Basic Course', 50, 'PE 2', '', 0),
('Advanced Course', 50, 'PE 3', '', 0),
('General Physics II', 50, 'PHYS 13', '', 3),
('Optics and Modern Physics', 50, 'PHYS 23', '', 3),
('General Physics I', 50, 'PHYS 3', '', 3),
('The Life and Works of Rizal', 50, 'PI 10', '', 3),
('Research Methodologies in the Social Sciences', 50, 'SOC 195', '', 3),
('Speech Communication', 50, 'SPCM 1', '', 3),
('Elementary Statistics', 50, 'STAT 1', '', 3),
('Statistics for the Social Sciences', 50, 'STAT 166', '', 3),
('Physics of Scientific Instruments', 51, 'APHY 101', '', 3),
('Physics of Electronic Devices', 51, 'APHY 102', '', 3),
('Digital Computer Electronics', 51, 'APHY 104', '', 3),
('General Biology', 51, 'BIO 1', '', 3),
('Principles of Ecology', 51, 'BIO 150', '', 3),
('Biodiversity', 51, 'BIO 3', '', 3),
('Genetics', 51, 'BIO 30', '', 3),
('General Chemistry I', 51, 'CHEM 16', '', 3),
('General Chemistry I Laboratory', 51, 'CHEM 16.1', '', 3),
('Introductory Biochemistry', 51, 'CHEM 160', '', 3),
('General Chemistry II', 51, 'CHEM 17', '', 3),
('General Chemistry II Laboratory', 51, 'CHEM 17.1', '', 3),
('Fundamentals of Educational Communication and Technology', 51, 'DEVC 40', '', 3),
('Theories and Principles of Education', 51, 'EDUC 102', '', 3),
('Educational Psychology', 51, 'EDUC 111', '', 3),
('The Principles and Strategies of Teaching', 51, 'EDUC 122', '', 3),
('Evaluation of Learning Outcomes', 51, 'EDUC 144', '', 3),
('College English', 51, 'ENG 1', '', 3),
('College Writing in English', 51, 'ENG 2', '', 3),
('College Algebra', 51, 'MATH 11', '', 3),
('Plane Trigonometry', 51, 'MATH 14', '', 3),
('College Geometry', 51, 'MATH 18', '', 3),
('Analytic Geometry and Calculus I', 51, 'MATH 26', '', 3),
('Analytic Geometry and Calculus II', 51, 'MATH 27', '', 3),
('Analytic Geometry and Calculus III', 51, 'MATH 28', '', 3),
('Field Study I', 51, 'MST 101a', '', 3),
('Field Study II', 51, 'MST 101b', '', 3),
('Field Study III', 51, 'MST 101c', '', 3),
('Field Study IV', 51, 'MST 101d', '', 3),
('The Teaching of Mathematics and Science', 51, 'MST 123', '', 5),
('Special Problem', 51, 'MST 190', '', 3),
('Research Methodologies in Education', 51, 'MST 195', '', 3),
('Research Methodologies in Education Laboratory', 51, 'MST 195.1', '', 3),
('Undergraduate Seminar', 51, 'MST 199', '', 1),
('Student Teaching (on-campus)', 51, 'MST 200a', '', 3),
('Student Teaching (off-campus)', 51, 'MST 200b', '', 3),
('Fundamentals of Educational Communication and Technology', 51, 'MST 40', '', 3),
('National Service Training Program I', 51, 'NSTP 1', '', 0),
('National Service Training Program II', 51, 'NSTP 2', '', 0),
('Foundations of Physical Fitness', 51, 'PE 1', '', 0),
('Basic Course', 51, 'PE 2', '', 0),
('Advanced Course', 51, 'PE 3', '', 0),
('Experimental Physics I', 51, 'PHYS 192', '', 3),
('Fundamental Physics', 51, 'PHYS 81', '', 5),
('Fundamental Physics II', 51, 'PHYS 82', '', 5),
('Fundamental Physics III', 51, 'PHYS 83', '', 5),
('The Life and Works of Rizal', 51, 'PI 10', '', 3),
('Research Methodologies in the Social Sciences', 51, 'SOC 195', '', 3),
('Speech Communication', 51, 'SPCM 1', '', 3),
('Elementary Statistics', 51, 'STAT 1', '', 3),
('Statistics for the Social Sciences', 51, 'STAT 166', '', 3),
('General Biology', 52, 'BIO 1', '', 3),
('General Biology II', 52, 'BIO 2', '', 3),
('Genetics', 52, 'BIO 30', '', 3),
('Fundamentals of Chemistry', 52, 'CHEM 15', '', 3),
('Introduction to Computer Science', 52, 'CMSC 11', '', 3),
('Fundamentals of Programming', 52, 'CMSC 21', '', 3),
('Object-Oriented Programming', 52, 'CMSC 22', '', 3),
('General Economics', 52, 'ECON 11', '', 3),
('College English', 52, 'ENG 1', '', 3),
('Scientific Writing', 52, 'ENG 10', '', 3),
('College Writing in English', 52, 'ENG 2', '', 3),
('College Algebra and Trigonometry', 52, 'MATH 17', '', 3),
('Mathematical Analysis III', 52, 'MATH 28', '', 3),
('Mathematical Analysis I', 52, 'MATH 36', '', 3),
('Mathematical Analysis II', 52, 'MATH 37', '', 3),
('National Service Training Program I', 52, 'NSTP 1', '', 0),
('National Service Training Program II', 52, 'NSTP 2', '', 0),
('Foundations of Physical Fitness', 52, 'PE 1', '', 0),
('Basic Course', 52, 'PE 2', '', 0),
('Advanced Course', 52, 'PE 3', '', 0),
('Elementary Physics', 52, 'PHYS 1', '', 3),
('The Life and Works of Jose Rizal', 52, 'PI 10', '', 3),
('Speech Communication', 52, 'SPCM 1', '', 3),
('Elementary Statistics', 52, 'STAT 1', '', 3),
('Statistical Methods', 52, 'STAT 101', '', 3),
('Logic and Matrix Algebra in Statistics', 52, 'STAT 135', '', 3),
('Introductory Statistical Theory I', 52, 'STAT 144', '', 3),
('Introductory Statistical Theory II', 52, 'STAT 145', '', 3),
('Introductory Statistical Theory III', 52, 'STAT 146', '', 3),
('Introduction to the Theory of Nonparametric Statistics', 52, 'STAT 147', '', 3),
('Applied Regression and Correlation', 52, 'STAT 151', '', 3),
('Introductory Time Series Analysis', 52, 'STAT 156', '', 3),
('Experimental Design', 52, 'STAT 162', '', 3),
('Survey Designs', 52, 'STAT 163', '', 3),
('Categorical Data Analysis', 52, 'STAT 165', '', 3),
('Statistical Quality Control', 52, 'STAT 167', '', 3),
('Experimental Design II', 52, 'STAT 172', '', 3),
('Survey Operations', 52, 'STAT 173', '', 3),
('Analysis of Multivariate Data', 52, 'STAT 175', '', 3),
('Statistical Computing', 52, 'STAT 181', '', 3),
('Statistical Packages', 52, 'STAT 182', '', 3),
('Speical Problems', 52, 'STAT 190', '', 3),
('Special Problems', 52, 'STAT 190a', '', 1),
('Special Problems', 52, 'STAT 190b', '', 2),
('Special Topics', 52, 'STAT 191', '', 3),
('Undergraduate Practicum', 52, 'STAT 198', '', 3),
('Undergraduate Seminar', 52, 'STAT 199', '', 1),
('Undergraduate Thesis', 53, 'ACHM 200a', '', 3),
('Undergraduate Thesis', 53, 'ACHM 200b', '', 3),
('Colloquium in Agriculture', 53, 'AGRI 199', '', 3),
('Computer Programming', 53, 'AMAT 150', '', 3),
('Introduction to Animal Science', 53, 'ANSC 1', '', 3),
('Introduction to Livestock and Poultry Production', 53, 'ANSC 2', '', 3),
('Modelling and Simulation in Environmental Physics', 53, 'APHY 140', '', 3),
('General Biology II', 53, 'BIO 2', '', 3),
('Genetics', 53, 'BIO 30', '', 3),
('Introduction to Plant Science', 53, 'BOT 1', '', 3),
('Elementary Plant Physiology', 53, 'BOT 20', '', 3),
('Physical Chemistry I', 53, 'CHEM 111', '', 3),
('Physical Chemistry I Laboratory', 53, 'CHEM 111.1', '', 2),
('Physical Chemistry II', 53, 'CHEM 112', '', 3),
('Physical Chemistry II Laboratory', 53, 'CHEM 112.1', '', 2),
('Inorganic Chemistry', 53, 'CHEM 120', '', 3),
('Technical Analysis I', 53, 'CHEM 131', '', 4),
('Technical Analysis II', 53, 'CHEM 133', '', 4),
('Modern Analytical Chemistry Laboratory', 53, 'CHEM 137.1', '', 2),
('Organic Analysis', 53, 'CHEM 140', '', 4),
('General Chemistry I', 53, 'CHEM 16', '', 3),
('General Chemistry I Laboratory', 53, 'CHEM 16.1', '', 2),
('General Biochemistry', 53, 'CHEM 161', '', 4),
('General Biochemistry Laboratory', 53, 'CHEM 161.1', '', 2),
('General Chemistry II', 53, 'CHEM 17', '', 3),
('General Chemistry II Laboratory', 53, 'CHEM 17.1', '', 2),
('General Environmental Chemistry', 53, 'CHEM 180', '', 3),
('Structure and Reactivity of Agricultural Chemicals', 53, 'CHEM 185', '', 3),
('Chemical Literature', 53, 'CHEM 192', '', 3),
('Undergraduate Seminar', 53, 'CHEM 199', '', 1),
('Quantitative Inorganic Analysis', 53, 'CHEM 32', '', 3),
('Quantitative Inorganic Analysis Laboratory', 53, 'CHEM 32.1', '', 2),
('Organic Chemistry I', 53, 'CHEM 43', '', 3),
('Organic Chemistry I Laboratory', 53, 'CHEM 43.1', '', 2),
('Organic Chemistry II', 53, 'CHEM 44', '', 3),
('Organic Chemistry II Laboratory', 53, 'CHEM 44.1', '', 2),
('Introduction to Computer Science', 53, 'CMSC 11', '', 3),
('Modern Analytical Chemistry', 53, 'CMSC 137', '', 3),
('Principles of Crop Protection', 53, 'CRPT 1', '', 3),
('Fundamentals of Crop Science II', 53, 'CRSC 2', '', 3),
('Fundamentals of Crop Science I', 53, 'CRSC I', '', 3),
('College English', 53, 'ENG 1', '', 3),
('College Writing in English', 53, 'ENG 2', '', 3),
('Philippine History', 53, 'HIST 1', '', 3),
('College Algebra and Trigonometry', 53, 'MATH 17', '', 3),
('Analytic Geometry and Calculus I', 53, 'MATH 26', '', 3),
('Analytic Geometry and Calculus II', 53, 'MATH 27', '', 3),
('Analytic Geometry and Calculus III', 53, 'MATH 28', '', 3),
('General Microbiology', 53, 'MCB 1', '', 3),
('National Service Training Program I', 53, 'NSTP 1', '', 0),
('National Service Training Program II', 53, 'NSTP 2', '', 0),
('Foundations of Physical Fitness', 53, 'PE 1', '', 0),
('Basic Course', 53, 'PE 2', '', 0),
('Advanced Course', 53, 'PE 3', '', 0),
('General Physics II', 53, 'PHYS 13', '', 3),
('Optics and Modern Physics', 53, 'PHYS 23', '', 3),
('General Physics I', 53, 'PHYS 3', '', 3),
('Principles of Soil Science', 53, 'SOIL 1', '', 3),
('Elementary Statistics', 53, 'STAT 1', '', 3),
('General Zoology', 53, 'ZOO 1', '', 3),
('Mathematical Modeling', 54, 'AMAT 110', '', 3),
('Computer Programming', 54, 'AMAT 150', '', 3),
('Computational Physics', 54, 'PHYS 116', '', 3),
('Introduction to Materials Development', 55, 'APHY 150', '', 3),
('Microscopy and Spectroscopy for Materials Characterization', 55, 'APHY 160', '', 3),
('Solid State Physics', 55, 'PHYS 170', '', 3),
('Electronic Circuits', 56, 'APHY 103', '', 3),
('Digital Computer Electronics', 56, 'APHY 104', '', 3),
('Microcomputer-based Instrumentation', 56, 'APHY 105', '', 3),
('Embedded Systems Programming for instrumentation', 56, 'APHY 132', '', 3),
('Principles of Animal Nutrition', 61, 'ANSC 102', 'Other', 3),
('Swine Production', 61, 'ANSC 111', 'Other', 3),
('Poultry Production', 61, 'ANSC 116', 'Other', 3),
('Beef Production', 61, 'ANSC 121', 'Other', 3),
('Dairy Production', 61, 'ANSC 122', 'Other', 3),
('Livestock and Poultry Feeding', 61, 'ANSC 143', 'Other', 3),
('General Entomology', 62, 'ENT 101', 'Other', 3),
('Insect Physiology', 62, 'ENT 120', 'Other', 3),
('Insect Toxicology', 62, 'ENT 125', 'Other', 3),
('Crop Protection Entomology', 62, 'ENT 170', 'Other', 5),
('Biological Control of Insect Pests', 62, 'ENT 172', 'Other', 3),
('Medical and Veterinary Entomology', 62, 'ENT 176', 'Other', 3),
('Principles of Plant Pathology', 63, 'PPTH 101', 'Other', 3),
('Control of Plant Diseases', 63, 'PPTH 102', 'Other', 3),
('Biological Control of Plant Pathogens', 63, 'PPTH 112', 'Other', 3),
('Research in Plant Pathology', 63, 'PPTH 131', 'Other', 3),
('Biology of Weeds', 64, 'AGR 132', 'Required', 3),
('Weeds and their Control', 64, 'AGR 133', 'Required', 3),
('Systematics of Spermatophytes', 64, 'BOT 140', 'Other', 3),
('Plant Ecology', 64, 'BOT 150', 'Other', 3),
('Fundamentals of Turfgrass Management', 64, 'HORT 146', 'Other', 3),
('Grain Crops Production', 65, 'AGR 110', 'Other', 3),
('Field Crop Physiology', 65, 'AGR 141', 'Required', 3),
('Plant Growth', 65, 'BOT/HORT 132', 'Required', 3),
('Principles of Annual Crops Production', 65, 'CRSC 101', 'Other', 3),
('Principles of Perennial Crops Production', 65, 'CRSC 102', 'Other', 3),
('Soil Microbiology', 66, 'SOIL 120', 'Other', 3),
('Soil Physics', 66, 'SOIL 130', 'Other', 3),
('Soil Chemistry', 66, 'SOIL 140', 'Required', 3),
('Fertilizers and their Reaction with Soil', 66, 'SOIL 142', 'Required', 3),
('Soil Fertility', 66, 'SOIL 150', 'Other', 3),
('Food Engineering I', 67, 'FST 130', 'Other', 3),
('Food Processing I', 67, 'FST 140', 'Other', 3),
('Food Processing II', 67, 'FST 141', 'Other', 3),
('Sensory Evaluation of Food Products', 67, 'FST 161', 'Other', 3),
('Principles of Food Safety', 67, 'FST 167', 'Other', 3),
('Fundamentals of Agricultural Biotechnology', 68, 'ABT 101', 'Required', 3),
('Experimental Techniques in Agricultural Biotechnology I', 68, 'ABT 103', 'Other', 3),
('Experimental Techniques in Agricultural Biotechnology II', 68, 'ABT 104', 'Other', 3),
('Molecular Markers', 68, 'ABT 106', 'Other', 3),
('Recombinant DNA Technology', 68, 'ABT 107', 'Other', 3),
('Issues and Regulation in Agricultural Biotechnology', 68, 'ABT 108', 'Other', 3),
('Animal Biotechnology', 68, 'ABT 120', 'Other', 3),
('Biotechnology in Crop Production', 68, 'ABT 140', 'Other', 3),
('Fundamentals of Food Biotechnology', 68, 'ABT/FST 115', 'Other', 3),
('Web Programming', 69, 'CMSC 100', '', 3),
('Introduction to Computer Science', 69, 'CMSC 11', '', 3),
('Data Structures', 69, 'CMSC 123', '', 3),
('Design and Implementation of Programming Languages', 69, 'CMSC 124', '', 3),
('Operating Systems', 69, 'CMSC 125', '', 3),
('File Processing and Database Systems', 69, 'CMSC 127', '', 3),
('Introduction to Software Engineering', 69, 'CMSC 128', '', 3),
('Logic Design and Digital Computer Circuits', 69, 'CMSC 130', '', 3),
('Introduction to Computer Organization and Machine-Level Programming', 69, 'CMSC 131', '', 3),
('Computer Architecture', 69, 'CMSC 132', '', 3),
('Data Communications and Networking', 69, 'CMSC 137', '', 3),
('Automata and Language Theory', 69, 'CMSC 141', '', 3),
('Design and Analysis of Algorithms', 69, 'CMSC 142', '', 3),
('Numerical and Symbolic Computation', 69, 'CMSC 150', '', 3),
('Artificial Intelligence', 69, 'CMSC 170', '', 3),
('Undergraduate Practicum', 69, 'CMSC 190', '', 3),
('Special Problem', 69, 'CMSC 190a', '', 1),
('Special Problem', 69, 'CMSC 190b', '', 2),
('Undergraduate Seminar', 69, 'CMSC 199', '', 1),
('Introduction to the Internet', 69, 'CMSC 2', '', 3),
('Undergraduate Thesis', 69, 'CMSC 200', '', 6),
('Fundamentals of Programming', 69, 'CMSC 21', '', 3),
('Object-Oriented Programming', 69, 'CMSC 22', '', 3),
('Discrete Mathematical Structures in Computer Science I', 69, 'CMSC 56', '', 3),
('Discrete Mathematical Structures in Computer Science II', 69, 'CMSC 57', '', 3),
('College English', 69, 'ENG 1', '', 3),
('Scientific Writing', 69, 'ENG 10', '', 3),
('College Writing in English', 69, 'ENG 2', '', 3),
('College Algebra and Trigonometry', 69, 'MATH 17', '', 3),
('Analytic Geometry and Calculus I', 69, 'MATH 26', '', 3),
('Analytic Geometry and Calculus II', 69, 'MATH 27', '', 3),
('Analytic Geometry and Calculus III', 69, 'MATH 28', '', 3),
('National Service Training Program I', 69, 'NSTP 1', '', 0),
('National Service Training Program II', 69, 'NSTP 2', '', 0),
('Foundations of Physical Fitness', 69, 'PE 1', '', 0),
('Basic Course', 69, 'PE 2', '', 0),
('Advanced Course', 69, 'PE 3', '', 0),
('The Life and Works of Jose Rizal', 69, 'PI 10', '', 3),
('Speech Communication', 69, 'SPCM 1', '', 3),
('Elementary Statistics', 69, 'STAT 1', '', 3),
('Computer Programming', 70, 'AMAT 150', '', 3),
('College English', 70, 'ENG 1', '', 3),
('College Writing in English', 70, 'ENG 2', '', 3),
('Logic and Set Theory', 70, 'MATH 101', '', 3),
('Elementary Theory of Numbers', 70, 'MATH 103', '', 3),
('Modern Algebra I', 70, 'MATH 111', '', 3),
('Modern Algebra II', 70, 'MATH 112', '', 3),
('Linear Algebra', 70, 'MATH 120', '', 3),
('Metric Geometry', 70, 'MATH 130', '', 3),
('Non-Euclidean Geometries', 70, 'MATH 133', '', 3),
('Projective Geometry', 70, 'MATH 135', '', 3),
('Introductory Topology', 70, 'MATH 138', '', 3),
('Introductory Combinatorics', 70, 'MATH 141', '', 3),
('Graph Theory', 70, 'MATH 143', '', 3),
('Ordinary Differential Equations', 70, 'MATH 151', '', 3),
('Partial Differential Equations', 70, 'MATH 152', '', 3),
('Advanced Calculus I', 70, 'MATH 155', '', 3),
('Advanced Calculus II', 70, 'MATH 156', '', 3),
('Vector Analysis', 70, 'MATH 160', '', 3),
('Complex Analysis I', 70, 'MATH 165', '', 3),
('Complex Analysis II', 70, 'MATH 166', '', 3),
('College Algebra and Trigonometry', 70, 'MATH 17', '', 3),
('Finite Differences', 70, 'MATH 170', '', 3),
('Numerical Analysis I', 70, 'MATH 174', '', 3),
('Numerical Analysis II', 70, 'MATH 175', '', 3),
('Introduction to Probability Theory', 70, 'MATH 181', '', 3),
('Stochastic Processes', 70, 'MATH 182', '', 3),
('Special Problem', 70, 'MATH 190', '', 3),
('Special Topics', 70, 'MATH 191', '', 3),
('Foundations of Mathematics', 70, 'MATH 192', '', 3),
('Research Methods in Mathematics', 70, 'MATH 195', '', 3),
('Undergraduate Seminar', 70, 'MATH 199', '', 1),
('The Landscape of Mathematics', 70, 'MATH 20', '', 3),
('Undergraduate Thesis', 70, 'MATH 200a', '', 2),
('Undergraduate Thesis', 70, 'MATH 200b', '', 2),
('Undergraduate Thesis', 70, 'MATH 200c', '', 2),
('Mathematical Analysis I', 70, 'MATH 36', '', 3),
('Mathematical Analysis II', 70, 'MATH 37', '', 3),
('Mathematical Analysis III', 70, 'MATH 38', '', 3),
('National Service Training Program I', 70, 'NSTP 1', '', 0),
('National Service Training Program II', 70, 'NSTP 2', '', 0),
('Foundations of Physical Fitness', 70, 'PE 1', '', 0),
('Basic Course', 70, 'PE 2', '', 0),
('Advanced Course', 70, 'PE 3', '', 0),
('The Life and Works of Jose Rizal', 70, 'PI 10', '', 3),
('Speech Communication', 70, 'SPCM 1', '', 3),
('Elementary Statistics', 70, 'STAT 1', '', 3),
('Special Problem', 114, 'PHLO 190', '', 3),
('Undergraduate Thesis', 115, 'PHLO 200', '', 6),
('Special Problems', 116, 'AMAT 190', '', 3),
('Undergraduate Thesis', 117, 'AMAT 200', '', 6);

--
-- Indexes for dumped tables
--

--
-- Indexes for table `activity_log`
--
ALTER TABLE `activity_log`
  ADD PRIMARY KEY (`id`);

--
-- Indexes for table `committee`
--
ALTER TABLE `committee`
  ADD PRIMARY KEY (`email`);

--
-- Indexes for table `committee_student`
--
ALTER TABLE `committee_student`
  ADD PRIMARY KEY (`comment_id`);

--
-- Indexes for table `degree_curriculums`
--
ALTER TABLE `degree_curriculums`
  ADD PRIMARY KEY (`degree_id`);

--
-- Indexes for table `electives`
--
ALTER TABLE `electives`
  ADD PRIMARY KEY (`course_number`);

--
-- Indexes for table `student`
--
ALTER TABLE `student`
  ADD PRIMARY KEY (`student_number`);

--
-- Indexes for table `student_record`
--
ALTER TABLE `student_record`
  ADD PRIMARY KEY (`id`),
  ADD KEY `student_number` (`student_number`);

--
-- Indexes for table `subjects`
--
ALTER TABLE `subjects`
  ADD PRIMARY KEY (`degree_id`,`course_number`);

--
-- AUTO_INCREMENT for dumped tables
--

--
-- AUTO_INCREMENT for table `activity_log`
--
ALTER TABLE `activity_log`
  MODIFY `id` int(50) NOT NULL AUTO_INCREMENT, AUTO_INCREMENT=422;

--
-- AUTO_INCREMENT for table `committee_student`
--
ALTER TABLE `committee_student`
  MODIFY `comment_id` int(11) NOT NULL AUTO_INCREMENT, AUTO_INCREMENT=11;

--
-- AUTO_INCREMENT for table `degree_curriculums`
--
ALTER TABLE `degree_curriculums`
  MODIFY `degree_id` int(50) NOT NULL AUTO_INCREMENT, AUTO_INCREMENT=118;

--
-- AUTO_INCREMENT for table `student_record`
--
ALTER TABLE `student_record`
  MODIFY `id` int(50) NOT NULL AUTO_INCREMENT, AUTO_INCREMENT=326614;

--
-- Constraints for dumped tables
--

--
-- Constraints for table `subjects`
--
ALTER TABLE `subjects`
  ADD CONSTRAINT `Foreign_key` FOREIGN KEY (`degree_id`) REFERENCES `degree_curriculums` (`degree_id`);
COMMIT;

/*!40101 SET CHARACTER_SET_CLIENT=@OLD_CHARACTER_SET_CLIENT */;
/*!40101 SET CHARACTER_SET_RESULTS=@OLD_CHARACTER_SET_RESULTS */;
/*!40101 SET COLLATION_CONNECTION=@OLD_COLLATION_CONNECTION */;
